{"stats":{"minecraft:mined":{"minecraft:grass":3,"minecraft:oak_log":5,"minecraft:chest":1,"minecraft:oak_leaves":1},"minecraft:used":{"minecraft:iron_boots":1,"minecraft:iron_leggings":1},"minecraft:crafted":{"minecraft:iron_axe":1},"minecraft:custom":{"minecraft:time_since_rest":5985,"minecraft:open_chest":3,"minecraft:crouch_one_cm":4,"minecraft:play_time":5985,"minecraft:sprint_one_cm":8351,"minecraft:walk_one_cm":15092,"minecraft:sneak_time":12,"minecraft:jump":93,"minecraft:leave_game":1,"minecraft:time_since_death":5985,"minecraft:total_world_time":5985,"minecraft:traded_with_villager":1,"minecraft:climb_one_cm":548,"minecraft:fly_one_cm":21548,"minecraft:talked_to_villager":5,"minecraft:fall_one_cm":4505},"minecraft:picked_up":{"minecraft:oak_log":5,"minecraft:chest":1}},"DataVersion":3465}