{"stats":{"minecraft:used":{"minecraft:oak_trapdoor":4,"minecraft:iron_shovel":262,"minecraft:spruce_slab":6,"minecraft:stone_shovel":219,"minecraft:poppy":3,"minecraft:chest":3,"minecraft:spruce_planks":21,"minecraft:stone_hoe":111,"minecraft:netherrack":1,"minecraft:torch":1,"minecraft:dirt":331,"minecraft:jungle_planks":7,"minecraft:carrot":67,"minecraft:jungle_slab":10,"minecraft:iron_hoe":30,"minecraft:spruce_wood":9,"minecraft:iron_axe":1902,"minecraft:jungle_log":4,"minecraft:iron_boots":1,"minecraft:melon_seeds":2,"minecraft:oak_sapling":4,"minecraft:furnace":2,"minecraft:minecart":5,"minecraft:egg":4,"minecraft:iron_leggings":1,"minecraft:wheat_seeds":16,"minecraft:cooked_mutton":5,"minecraft:water_bucket":46,"minecraft:oak_planks":136,"minecraft:composter":27,"minecraft:fletching_table":2,"minecraft:sugar_cane":65,"minecraft:white_wool":1,"minecraft:sand":33,"minecraft:golden_hoe":32,"minecraft:rail":27,"minecraft:oak_slab":118,"minecraft:crafting_table":8,"minecraft:white_bed":6,"minecraft:spruce_log":13,"minecraft:lightning_rod":1,"minecraft:oxeye_daisy":2,"minecraft:diamond_shovel":940,"minecraft:melon_slice":36,"minecraft:bread":58,"minecraft:iron_pickaxe":251,"minecraft:spruce_trapdoor":4,"minecraft:spruce_sapling":63,"minecraft:fire_charge":1,"minecraft:cobblestone":35,"minecraft:smithing_table":1,"minecraft:bucket":47,"minecraft:andesite":5,"minecraft:yellow_bed":17,"minecraft:dandelion":9,"minecraft:golden_pickaxe":70,"minecraft:bone_meal":318},"minecraft:broken":{"minecraft:golden_hoe":1,"minecraft:iron_axe":3,"minecraft:iron_pickaxe":1},"minecraft:custom":{"minecraft:mob_kills":13,"minecraft:interact_with_crafting_table":37,"minecraft:leave_game":16,"minecraft:time_since_death":89248,"minecraft:climb_one_cm":7670,"minecraft:sprint_one_cm":601394,"minecraft:walk_one_cm":933848,"minecraft:drop":113,"minecraft:talked_to_villager":190,"minecraft:play_time":426051,"minecraft:sneak_time":14189,"minecraft:deaths":1,"minecraft:walk_under_water_one_cm":9146,"minecraft:jump":7727,"minecraft:walk_on_water_one_cm":28912,"minecraft:total_world_time":426051,"minecraft:interact_with_furnace":13,"minecraft:traded_with_villager":339,"minecraft:sleep_in_bed":30,"minecraft:time_since_rest":1595,"minecraft:damage_taken":2290,"minecraft:damage_dealt":5625,"minecraft:swim_one_cm":33571,"minecraft:fly_one_cm":1505779,"minecraft:open_chest":104,"minecraft:crouch_one_cm":28528,"minecraft:fall_one_cm":196227},"minecraft:mined":{"minecraft:spruce_planks":3,"minecraft:white_bed":6,"minecraft:jungle_slab":2,"minecraft:jungle_leaves":5,"minecraft:brewing_stand":1,"minecraft:grass_block":811,"minecraft:jungle_planks":6,"minecraft:jungle_log":8,"minecraft:spruce_leaves":43,"minecraft:composter":23,"minecraft:hay_block":37,"minecraft:redstone_ore":1,"minecraft:oak_trapdoor":1,"minecraft:spruce_sapling":2,"minecraft:furnace":1,"minecraft:carrots":3,"minecraft:iron_ore":47,"minecraft:fire":1,"minecraft:pumpkin":3,"minecraft:andesite":45,"minecraft:stripped_spruce_log":2,"minecraft:gold_block":1,"minecraft:vine":1,"minecraft:deepslate_iron_ore":2,"minecraft:dirt_path":1,"minecraft:rail":5,"minecraft:stone":122,"minecraft:white_wool":1,"minecraft:smithing_table":1,"minecraft:deepslate_redstone_ore":1,"minecraft:oak_slab":28,"minecraft:dandelion":6,"minecraft:crafting_table":7,"minecraft:torch":1,"minecraft:melon":14,"minecraft:chest":1,"minecraft:lectern":1,"minecraft:tall_grass":26,"minecraft:copper_ore":6,"minecraft:cobblestone":19,"minecraft:lapis_ore":4,"minecraft:sugar_cane":205,"minecraft:oak_planks":44,"minecraft:wheat":4,"minecraft:spruce_log":1295,"minecraft:birch_leaves":1,"minecraft:yellow_bed":17,"minecraft:grass":126,"minecraft:oak_log":67,"minecraft:coal_ore":66,"minecraft:sand":75,"minecraft:dirt":549,"minecraft:netherrack":1,"minecraft:oak_leaves":36},"minecraft:crafted":{"minecraft:oak_planks":176,"minecraft:stone_shovel":2,"minecraft:lightning_rod":1,"minecraft:furnace":1,"minecraft:stone":3,"minecraft:diamond_shovel":4,"minecraft:cooked_mutton":5,"minecraft:oak_trapdoor":4,"minecraft:iron_axe":11,"minecraft:spruce_wood":12,"minecraft:iron_hoe":1,"minecraft:melon_seeds":2,"minecraft:spruce_slab":6,"minecraft:chest":2,"minecraft:rail":16,"minecraft:stone_hoe":1,"minecraft:minecart":1,"minecraft:wheat":277,"minecraft:oak_slab":102,"minecraft:emerald":313,"minecraft:crafting_table":2,"minecraft:spruce_planks":4752,"minecraft:smithing_table":1,"minecraft:copper_ingot":3,"minecraft:fletching_table":2,"minecraft:bucket":1,"minecraft:stone_axe":11,"minecraft:jungle_slab":18,"minecraft:bread":111,"minecraft:air":0,"minecraft:jungle_planks":16,"minecraft:spruce_trapdoor":4,"minecraft:stick":9253,"minecraft:iron_ingot":49,"minecraft:iron_pickaxe":1,"minecraft:iron_shovel":1,"minecraft:composter":4},"minecraft:dropped":{"minecraft:stone_hoe":1,"minecraft:bread":79,"minecraft:wheat_seeds":11,"minecraft:feather":1,"minecraft:stick":269,"minecraft:dirt":1,"minecraft:iron_axe":3,"minecraft:iron_shovel":1,"minecraft:stone_axe":11,"minecraft:wheat":171,"minecraft:stone_shovel":2,"minecraft:rotten_flesh":3,"minecraft:oak_planks":1,"minecraft:white_bed":1,"minecraft:carrot":8,"minecraft:poppy":1,"minecraft:spruce_planks":64,"minecraft:chest":1},"minecraft:picked_up":{"minecraft:crafting_table":7,"minecraft:wheat":166,"minecraft:smithing_table":1,"minecraft:gold_block":1,"minecraft:brewing_stand":1,"minecraft:oak_trapdoor":1,"minecraft:string":2,"minecraft:raw_copper":25,"minecraft:spruce_planks":67,"minecraft:poppy":3,"minecraft:lectern":1,"minecraft:minecart":5,"minecraft:melon_slice":63,"minecraft:sugar_cane":354,"minecraft:chest":2,"minecraft:furnace":1,"minecraft:egg":4,"minecraft:stick":376,"minecraft:raw_iron":49,"minecraft:composter":23,"minecraft:torch":1,"minecraft:carrot":11,"minecraft:redstone":9,"minecraft:arrow":5,"minecraft:rotten_flesh":7,"minecraft:hay_block":37,"minecraft:mutton":5,"minecraft:white_wool":5,"minecraft:rail":15,"minecraft:cobblestone":157,"minecraft:oxeye_daisy":2,"minecraft:andesite":46,"minecraft:jungle_log":8,"minecraft:oak_log":67,"minecraft:yellow_bed":17,"minecraft:lapis_lazuli":21,"minecraft:dirt":1402,"minecraft:bone":7,"minecraft:apple":5,"minecraft:bow":1,"minecraft:wheat_seeds":49,"minecraft:iron_ingot":18,"minecraft:oak_planks":45,"minecraft:oak_slab":32,"minecraft:pumpkin":3,"minecraft:dandelion":9,"minecraft:sand":75,"minecraft:jungle_planks":6,"minecraft:stripped_spruce_log":2,"minecraft:spruce_sapling":183,"minecraft:white_bed":7,"minecraft:spruce_log":1293,"minecraft:jungle_slab":4,"minecraft:bread":15,"minecraft:oak_sapling":17,"minecraft:netherrack":1,"minecraft:coal":107},"minecraft:killed_by":{"minecraft:zombie":1},"minecraft:killed":{"minecraft:skeleton":5,"minecraft:iron_golem":4,"minecraft:zombie":4}},"DataVersion":3465}