{"stats":{"minecraft:custom":{"minecraft:mob_kills":52,"minecraft:interact_with_crafting_table":78,"minecraft:leave_game":27,"minecraft:time_since_death":8102,"minecraft:climb_one_cm":25377,"minecraft:sprint_one_cm":1242104,"minecraft:walk_one_cm":2027189,"minecraft:drop":144,"minecraft:talked_to_villager":216,"minecraft:play_time":845957,"minecraft:deaths":4,"minecraft:sneak_time":80154,"minecraft:walk_under_water_one_cm":26966,"minecraft:jump":14794,"minecraft:walk_on_water_one_cm":75997,"minecraft:total_world_time":845957,"minecraft:interact_with_furnace":32,"minecraft:traded_with_villager":424,"minecraft:interact_with_stonecutter":39,"minecraft:sleep_in_bed":52,"minecraft:time_since_rest":8234,"minecraft:damage_taken":7350,"minecraft:damage_dealt":14332,"minecraft:swim_one_cm":44123,"minecraft:fly_one_cm":2766445,"minecraft:open_chest":234,"minecraft:crouch_one_cm":249913,"minecraft:fall_one_cm":359291},"minecraft:mined":{"minecraft:nether_gold_ore":2,"minecraft:spruce_planks":60,"minecraft:white_bed":15,"minecraft:deepslate_diamond_ore":1,"minecraft:jungle_slab":2,"minecraft:cobblestone_stairs":13,"minecraft:jungle_leaves":5,"minecraft:brewing_stand":1,"minecraft:grass_block":953,"minecraft:jungle_planks":6,"minecraft:crimson_roots":1,"minecraft:jungle_log":8,"minecraft:spruce_leaves":43,"minecraft:composter":23,"minecraft:moss_block":1,"minecraft:sandstone":1,"minecraft:hay_block":37,"minecraft:weeping_vines_plant":1,"minecraft:redstone_ore":1,"minecraft:oak_trapdoor":1,"minecraft:spruce_sapling":11,"minecraft:furnace":1,"minecraft:carrots":3,"minecraft:iron_ore":66,"minecraft:fire":1,"minecraft:andesite":45,"minecraft:stripped_spruce_log":2,"minecraft:pumpkin":3,"minecraft:azure_bluet":1,"minecraft:gold_block":1,"minecraft:bookshelf":1,"minecraft:dirt_path":3,"minecraft:deepslate_iron_ore":26,"minecraft:cobblestone_slab":64,"minecraft:vine":1,"minecraft:rail":211,"minecraft:stone":1210,"minecraft:white_wool":1,"minecraft:podzol":2,"minecraft:smithing_table":1,"minecraft:deepslate_redstone_ore":1,"minecraft:oak_slab":28,"minecraft:soul_sand":132,"minecraft:crimson_nylium":17,"minecraft:dandelion":12,"minecraft:crafting_table":14,"minecraft:torch":1,"minecraft:poppy":3,"minecraft:melon":14,"minecraft:chest":1,"minecraft:lectern":2,"minecraft:glass":8,"minecraft:nether_quartz_ore":15,"minecraft:tall_grass":53,"minecraft:copper_ore":7,"minecraft:cobblestone":57,"minecraft:lapis_ore":4,"minecraft:oak_planks":44,"minecraft:sugar_cane":339,"minecraft:cobblestone_wall":4,"minecraft:nether_wart_block":3,"minecraft:wheat":4,"minecraft:spruce_log":1490,"minecraft:birch_leaves":1,"minecraft:yellow_bed":18,"minecraft:yellow_stained_glass_pane":1,"minecraft:grass":170,"minecraft:coal_ore":70,"minecraft:oak_log":71,"minecraft:gravel":1,"minecraft:sand":260,"minecraft:dirt":925,"minecraft:stonecutter":15,"minecraft:spruce_fence_gate":4,"minecraft:netherrack":942,"minecraft:oak_leaves":40,"minecraft:deepslate":3},"minecraft:killed":{"minecraft:spider":3,"minecraft:skeleton":9,"minecraft:piglin":1,"minecraft:zombie_villager":2,"minecraft:iron_golem":4,"minecraft:hoglin":1,"minecraft:creeper":1,"minecraft:zombie":25,"minecraft:villager":4},"minecraft:crafted":{"minecraft:oak_planks":176,"minecraft:cobblestone_slab":60,"minecraft:stone_shovel":2,"minecraft:lightning_rod":1,"minecraft:furnace":2,"minecraft:stone":3,"minecraft:cobblestone_stairs":17,"minecraft:diamond_shovel":6,"minecraft:bookshelf":1,"minecraft:cooked_mutton":5,"minecraft:oak_trapdoor":4,"minecraft:flint_and_steel":1,"minecraft:hopper":2,"minecraft:glass":75,"minecraft:lantern":9,"minecraft:iron_axe":11,"minecraft:iron_hoe":1,"minecraft:spruce_wood":12,"minecraft:ladder":12,"minecraft:melon_seeds":2,"minecraft:spruce_slab":12,"minecraft:chest":11,"minecraft:rail":112,"minecraft:stone_hoe":1,"minecraft:golden_boots":2,"minecraft:minecart":4,"minecraft:wheat":277,"minecraft:furnace_minecart":1,"minecraft:oak_slab":102,"minecraft:emerald":337,"minecraft:spruce_sign":9,"minecraft:crafting_table":3,"minecraft:spruce_planks":5332,"minecraft:smithing_table":1,"minecraft:copper_ingot":3,"minecraft:fletching_table":2,"minecraft:bucket":2,"minecraft:stone_axe":11,"minecraft:jungle_slab":18,"minecraft:bread":297,"minecraft:air":0,"minecraft:jungle_planks":16,"minecraft:spruce_trapdoor":4,"minecraft:paper":549,"minecraft:diamond_pickaxe":3,"minecraft:stick":9617,"minecraft:iron_ingot":105,"minecraft:compass":7,"minecraft:iron_pickaxe":1,"minecraft:iron_block":3,"minecraft:gold_ingot":9,"minecraft:iron_shovel":1,"minecraft:stonecutter":1,"minecraft:anvil":1,"minecraft:white_bed":24,"minecraft:composter":4,"minecraft:spruce_fence_gate":80,"minecraft:torch":20,"minecraft:shears":1},"minecraft:killed_by":{"minecraft:spider":1,"minecraft:zombie":2},"minecraft:broken":{"minecraft:golden_hoe":1,"minecraft:diamond_pickaxe":1,"minecraft:iron_axe":3,"minecraft:iron_pickaxe":1},"minecraft:dropped":{"minecraft:golden_boots":3,"minecraft:stone_hoe":1,"minecraft:bread":81,"minecraft:wheat_seeds":11,"minecraft:minecart":1,"minecraft:feather":1,"minecraft:stick":269,"minecraft:dirt":2,"minecraft:iron_axe":10,"minecraft:iron_shovel":1,"minecraft:bone":1,"minecraft:stone_axe":11,"minecraft:wheat":171,"minecraft:stone_shovel":2,"minecraft:rotten_flesh":14,"minecraft:diamond_shovel":2,"minecraft:oak_planks":1,"minecraft:white_bed":1,"minecraft:carrot":8,"minecraft:poppy":1,"minecraft:spruce_planks":64,"minecraft:diamond_pickaxe":3,"minecraft:chest":1},"minecraft:used":{"minecraft:oak_trapdoor":4,"minecraft:flint_and_steel":1,"minecraft:iron_shovel":262,"minecraft:spruce_slab":8,"minecraft:stone_shovel":219,"minecraft:ladder":12,"minecraft:poppy":3,"minecraft:chest":8,"minecraft:spruce_planks":78,"minecraft:stone_hoe":111,"minecraft:netherrack":361,"minecraft:torch":6,"minecraft:soul_sand":8,"minecraft:dirt":996,"minecraft:jungle_planks":7,"minecraft:cobblestone_wall":196,"minecraft:carrot":67,"minecraft:jungle_slab":10,"minecraft:deepslate_brick_slab":4,"minecraft:furnace_minecart":5,"minecraft:glass":63,"minecraft:iron_hoe":30,"minecraft:lava_bucket":14,"minecraft:bookshelf":1,"minecraft:spruce_wood":9,"minecraft:lantern":9,"minecraft:iron_axe":2489,"minecraft:jungle_log":4,"minecraft:iron_boots":1,"minecraft:melon_seeds":2,"minecraft:furnace":2,"minecraft:oak_sapling":4,"minecraft:minecart":36,"minecraft:egg":5,"minecraft:iron_leggings":1,"minecraft:wheat_seeds":16,"minecraft:cooked_mutton":5,"minecraft:water_bucket":198,"minecraft:cobblestone_stairs":181,"minecraft:oak_planks":136,"minecraft:composter":27,"minecraft:spruce_sign":9,"minecraft:stonecutter":15,"minecraft:spruce_fence_gate":84,"minecraft:sugar_cane":71,"minecraft:fletching_table":2,"minecraft:cobblestone_slab":1290,"minecraft:white_wool":1,"minecraft:oak_slab":118,"minecraft:sand":34,"minecraft:golden_hoe":32,"minecraft:rail":253,"minecraft:crafting_table":17,"minecraft:white_bed":39,"minecraft:spruce_log":14,"minecraft:lightning_rod":1,"minecraft:diamond_pickaxe":2474,"minecraft:oxeye_daisy":2,"minecraft:diamond_shovel":1814,"minecraft:melon_slice":64,"minecraft:bread":160,"minecraft:string":2,"minecraft:iron_pickaxe":251,"minecraft:lectern":2,"minecraft:spruce_trapdoor":4,"minecraft:spruce_sapling":196,"minecraft:gravel":1,"minecraft:fire_charge":1,"minecraft:cobblestone":161,"minecraft:smithing_table":1,"minecraft:bucket":214,"minecraft:andesite":5,"minecraft:yellow_bed":18,"minecraft:golden_pickaxe":70,"minecraft:dandelion":9,"minecraft:bone_meal":318},"minecraft:picked_up":{"minecraft:crafting_table":15,"minecraft:wheat":166,"minecraft:azure_bluet":1,"minecraft:anvil":1,"minecraft:smithing_table":1,"minecraft:gold_block":1,"minecraft:brewing_stand":1,"minecraft:string":7,"minecraft:oak_trapdoor":1,"minecraft:raw_copper":29,"minecraft:iron_axe":9,"minecraft:gold_nugget":16,"minecraft:cobbled_deepslate":3,"minecraft:spruce_planks":241,"minecraft:cobblestone_slab":91,"minecraft:minecart":40,"minecraft:poppy":25,"minecraft:lectern":2,"minecraft:chest":2,"minecraft:melon_slice":63,"minecraft:sugar_cane":621,"minecraft:egg":5,"minecraft:furnace":1,"minecraft:raw_iron":105,"minecraft:stick":380,"minecraft:sandstone":1,"minecraft:composter":23,"minecraft:torch":1,"minecraft:porkchop":4,"minecraft:carrot":11,"minecraft:redstone":9,"minecraft:arrow":6,"minecraft:rotten_flesh":51,"minecraft:shears":1,"minecraft:hay_block":37,"minecraft:gold_ingot":1,"minecraft:mutton":5,"minecraft:white_wool":114,"minecraft:rail":305,"minecraft:cobblestone":1499,"minecraft:oxeye_daisy":2,"minecraft:furnace_minecart":5,"minecraft:jungle_log":8,"minecraft:water_bucket":2,"minecraft:andesite":46,"minecraft:leather":1,"minecraft:golden_boots":4,"minecraft:oak_log":71,"minecraft:yellow_bed":19,"minecraft:nether_wart_block":3,"minecraft:cobblestone_wall":4,"minecraft:cobblestone_stairs":13,"minecraft:lapis_lazuli":21,"minecraft:dirt":1988,"minecraft:bone":13,"minecraft:glass":15,"minecraft:apple":5,"minecraft:stonecutter":16,"minecraft:bow":1,"minecraft:wheat_seeds":69,"minecraft:iron_ingot":87,"minecraft:moss_block":1,"minecraft:oak_planks":45,"minecraft:soul_sand":192,"minecraft:book":3,"minecraft:oak_slab":32,"minecraft:pumpkin":3,"minecraft:quartz":19,"minecraft:dandelion":15,"minecraft:gravel":1,"minecraft:jungle_planks":6,"minecraft:sand":333,"minecraft:stripped_spruce_log":2,"minecraft:spruce_sapling":196,"minecraft:spider_eye":1,"minecraft:white_bed":17,"minecraft:spruce_log":1480,"minecraft:jungle_slab":4,"minecraft:diamond_shovel":5,"minecraft:spruce_fence_gate":4,"minecraft:diamond":1,"minecraft:bread":66,"minecraft:oak_sapling":18,"minecraft:netherrack":883,"minecraft:coal":114,"minecraft:crimson_roots":5,"minecraft:diamond_pickaxe":5}},"DataVersion":3465}