{"stats":{"minecraft:used":{"minecraft:oak_trapdoor":4,"minecraft:iron_shovel":262,"minecraft:spruce_slab":6,"minecraft:stone_shovel":219,"minecraft:ladder":12,"minecraft:poppy":3,"minecraft:chest":7,"minecraft:spruce_planks":23,"minecraft:stone_hoe":111,"minecraft:netherrack":1,"minecraft:torch":6,"minecraft:dirt":496,"minecraft:jungle_planks":7,"minecraft:cobblestone_wall":195,"minecraft:carrot":67,"minecraft:jungle_slab":10,"minecraft:iron_hoe":30,"minecraft:spruce_wood":9,"minecraft:iron_axe":2080,"minecraft:jungle_log":4,"minecraft:iron_boots":1,"minecraft:melon_seeds":2,"minecraft:furnace":2,"minecraft:oak_sapling":4,"minecraft:minecart":5,"minecraft:egg":4,"minecraft:iron_leggings":1,"minecraft:wheat_seeds":16,"minecraft:cooked_mutton":5,"minecraft:water_bucket":161,"minecraft:cobblestone_stairs":181,"minecraft:oak_planks":136,"minecraft:composter":27,"minecraft:spruce_sign":9,"minecraft:stonecutter":7,"minecraft:spruce_fence_gate":84,"minecraft:sugar_cane":65,"minecraft:fletching_table":2,"minecraft:cobblestone_slab":1172,"minecraft:white_wool":1,"minecraft:sand":33,"minecraft:golden_hoe":32,"minecraft:rail":27,"minecraft:oak_slab":118,"minecraft:crafting_table":16,"minecraft:white_bed":6,"minecraft:spruce_log":13,"minecraft:lightning_rod":1,"minecraft:diamond_pickaxe":1170,"minecraft:oxeye_daisy":2,"minecraft:diamond_shovel":1149,"minecraft:melon_slice":64,"minecraft:bread":67,"minecraft:iron_pickaxe":251,"minecraft:spruce_trapdoor":4,"minecraft:spruce_sapling":196,"minecraft:gravel":1,"minecraft:fire_charge":1,"minecraft:cobblestone":36,"minecraft:smithing_table":1,"minecraft:bucket":161,"minecraft:andesite":5,"minecraft:yellow_bed":17,"minecraft:dandelion":9,"minecraft:golden_pickaxe":70,"minecraft:bone_meal":318},"minecraft:broken":{"minecraft:golden_hoe":1,"minecraft:iron_axe":3,"minecraft:iron_pickaxe":1},"minecraft:custom":{"minecraft:mob_kills":14,"minecraft:interact_with_crafting_table":55,"minecraft:leave_game":20,"minecraft:time_since_death":228074,"minecraft:climb_one_cm":14981,"minecraft:sprint_one_cm":750129,"minecraft:walk_one_cm":1313295,"minecraft:drop":114,"minecraft:talked_to_villager":194,"minecraft:play_time":564877,"minecraft:sneak_time":43507,"minecraft:deaths":1,"minecraft:walk_under_water_one_cm":15660,"minecraft:jump":9585,"minecraft:walk_on_water_one_cm":42254,"minecraft:total_world_time":564877,"minecraft:interact_with_furnace":15,"minecraft:traded_with_villager":365,"minecraft:interact_with_stonecutter":29,"minecraft:sleep_in_bed":40,"minecraft:time_since_rest":7089,"minecraft:damage_taken":2755,"minecraft:damage_dealt":5960,"minecraft:swim_one_cm":33702,"minecraft:fly_one_cm":1884223,"minecraft:open_chest":129,"minecraft:crouch_one_cm":140510,"minecraft:fall_one_cm":236397},"minecraft:mined":{"minecraft:spruce_planks":5,"minecraft:white_bed":6,"minecraft:jungle_slab":2,"minecraft:cobblestone_stairs":13,"minecraft:jungle_leaves":5,"minecraft:brewing_stand":1,"minecraft:grass_block":921,"minecraft:jungle_planks":6,"minecraft:jungle_log":8,"minecraft:spruce_leaves":43,"minecraft:composter":23,"minecraft:hay_block":37,"minecraft:redstone_ore":1,"minecraft:oak_trapdoor":1,"minecraft:spruce_sapling":11,"minecraft:furnace":1,"minecraft:carrots":3,"minecraft:iron_ore":47,"minecraft:fire":1,"minecraft:andesite":45,"minecraft:stripped_spruce_log":2,"minecraft:pumpkin":3,"minecraft:azure_bluet":1,"minecraft:gold_block":1,"minecraft:vine":1,"minecraft:deepslate_iron_ore":2,"minecraft:cobblestone_slab":48,"minecraft:dirt_path":1,"minecraft:rail":5,"minecraft:stone":1210,"minecraft:white_wool":1,"minecraft:podzol":2,"minecraft:smithing_table":1,"minecraft:deepslate_redstone_ore":1,"minecraft:oak_slab":28,"minecraft:dandelion":12,"minecraft:crafting_table":14,"minecraft:torch":1,"minecraft:poppy":3,"minecraft:melon":14,"minecraft:chest":1,"minecraft:lectern":1,"minecraft:copper_ore":7,"minecraft:tall_grass":50,"minecraft:cobblestone":19,"minecraft:lapis_ore":4,"minecraft:oak_planks":44,"minecraft:sugar_cane":205,"minecraft:cobblestone_wall":3,"minecraft:wheat":4,"minecraft:spruce_log":1396,"minecraft:birch_leaves":1,"minecraft:yellow_bed":17,"minecraft:grass":150,"minecraft:coal_ore":70,"minecraft:oak_log":71,"minecraft:gravel":1,"minecraft:sand":75,"minecraft:dirt":640,"minecraft:stonecutter":7,"minecraft:spruce_fence_gate":4,"minecraft:netherrack":1,"minecraft:oak_leaves":40},"minecraft:crafted":{"minecraft:oak_planks":176,"minecraft:cobblestone_slab":44,"minecraft:stone_shovel":2,"minecraft:lightning_rod":1,"minecraft:furnace":1,"minecraft:stone":3,"minecraft:cobblestone_stairs":17,"minecraft:diamond_shovel":6,"minecraft:cooked_mutton":5,"minecraft:oak_trapdoor":4,"minecraft:iron_axe":11,"minecraft:iron_hoe":1,"minecraft:spruce_wood":12,"minecraft:ladder":12,"minecraft:melon_seeds":2,"minecraft:spruce_slab":6,"minecraft:chest":6,"minecraft:rail":16,"minecraft:stone_hoe":1,"minecraft:minecart":1,"minecraft:wheat":277,"minecraft:oak_slab":102,"minecraft:emerald":313,"minecraft:spruce_sign":9,"minecraft:crafting_table":3,"minecraft:spruce_planks":5332,"minecraft:smithing_table":1,"minecraft:copper_ingot":3,"minecraft:fletching_table":2,"minecraft:bucket":1,"minecraft:stone_axe":11,"minecraft:jungle_slab":18,"minecraft:bread":249,"minecraft:air":0,"minecraft:jungle_planks":16,"minecraft:spruce_trapdoor":4,"minecraft:diamond_pickaxe":1,"minecraft:stick":9609,"minecraft:iron_ingot":49,"minecraft:iron_pickaxe":1,"minecraft:iron_shovel":1,"minecraft:stonecutter":1,"minecraft:composter":4,"minecraft:spruce_fence_gate":80,"minecraft:torch":20},"minecraft:dropped":{"minecraft:stone_hoe":1,"minecraft:bread":79,"minecraft:wheat_seeds":11,"minecraft:feather":1,"minecraft:stick":269,"minecraft:dirt":1,"minecraft:iron_axe":4,"minecraft:iron_shovel":1,"minecraft:stone_axe":11,"minecraft:wheat":171,"minecraft:stone_shovel":2,"minecraft:rotten_flesh":3,"minecraft:oak_planks":1,"minecraft:white_bed":1,"minecraft:carrot":8,"minecraft:poppy":1,"minecraft:spruce_planks":64,"minecraft:chest":1},"minecraft:picked_up":{"minecraft:crafting_table":14,"minecraft:wheat":166,"minecraft:azure_bluet":1,"minecraft:smithing_table":1,"minecraft:gold_block":1,"minecraft:brewing_stand":1,"minecraft:oak_trapdoor":1,"minecraft:string":2,"minecraft:raw_copper":29,"minecraft:iron_axe":1,"minecraft:spruce_planks":69,"minecraft:cobblestone_slab":56,"minecraft:poppy":6,"minecraft:minecart":5,"minecraft:lectern":1,"minecraft:melon_slice":63,"minecraft:sugar_cane":354,"minecraft:chest":2,"minecraft:furnace":1,"minecraft:egg":4,"minecraft:stick":376,"minecraft:raw_iron":49,"minecraft:composter":23,"minecraft:torch":1,"minecraft:carrot":11,"minecraft:redstone":9,"minecraft:arrow":5,"minecraft:rotten_flesh":8,"minecraft:hay_block":37,"minecraft:mutton":5,"minecraft:white_wool":5,"minecraft:rail":15,"minecraft:cobblestone":1245,"minecraft:oxeye_daisy":2,"minecraft:andesite":46,"minecraft:jungle_log":8,"minecraft:oak_log":71,"minecraft:yellow_bed":17,"minecraft:cobblestone_wall":3,"minecraft:cobblestone_stairs":13,"minecraft:lapis_lazuli":21,"minecraft:dirt":1561,"minecraft:bone":7,"minecraft:apple":5,"minecraft:stonecutter":7,"minecraft:bow":1,"minecraft:wheat_seeds":61,"minecraft:iron_ingot":18,"minecraft:oak_planks":45,"minecraft:oak_slab":32,"minecraft:pumpkin":3,"minecraft:dandelion":15,"minecraft:gravel":1,"minecraft:sand":75,"minecraft:jungle_planks":6,"minecraft:stripped_spruce_log":2,"minecraft:spruce_sapling":196,"minecraft:white_bed":7,"minecraft:spruce_log":1394,"minecraft:jungle_slab":4,"minecraft:spruce_fence_gate":4,"minecraft:bread":15,"minecraft:oak_sapling":18,"minecraft:netherrack":1,"minecraft:coal":112},"minecraft:killed_by":{"minecraft:zombie":1},"minecraft:killed":{"minecraft:skeleton":5,"minecraft:iron_golem":4,"minecraft:zombie":5}},"DataVersion":3465}