{"stats":{"minecraft:custom":{"minecraft:mob_kills":91,"minecraft:interact_with_crafting_table":23,"minecraft:leave_game":17,"minecraft:time_since_death":34706,"minecraft:climb_one_cm":12997,"minecraft:sprint_one_cm":403756,"minecraft:walk_one_cm":886842,"minecraft:damage_blocked_by_shield":3011,"minecraft:drop":111,"minecraft:play_time":398827,"minecraft:deaths":10,"minecraft:sneak_time":43204,"minecraft:walk_under_water_one_cm":17923,"minecraft:jump":6108,"minecraft:walk_on_water_one_cm":16604,"minecraft:total_world_time":398827,"minecraft:interact_with_furnace":74,"minecraft:sleep_in_bed":14,"minecraft:time_since_rest":34735,"minecraft:damage_taken":4588,"minecraft:damage_dealt":16413,"minecraft:swim_one_cm":31033,"minecraft:fly_one_cm":946769,"minecraft:open_chest":101,"minecraft:crouch_one_cm":80830,"minecraft:fall_one_cm":179288},"minecraft:killed_by":{"minecraft:player":1,"minecraft:skeleton":2,"minecraft:zombie":1},"minecraft:picked_up":{"minecraft:charcoal":9,"minecraft:iron_chestplate":1,"minecraft:crafting_table":9,"minecraft:clay_ball":28,"minecraft:chicken":1,"minecraft:ladder":1,"minecraft:amethyst_block":567,"minecraft:string":11,"minecraft:iron_axe":1,"minecraft:raw_copper":30,"minecraft:cobbled_deepslate":202,"minecraft:bucket":1,"minecraft:oak_boat":1,"minecraft:calcite":243,"minecraft:poppy":1,"minecraft:iron_pickaxe":1,"minecraft:sugar_cane":58,"minecraft:chest":1,"minecraft:egg":5,"minecraft:iron_boots":1,"minecraft:furnace":5,"minecraft:stick":73,"minecraft:raw_iron":234,"minecraft:torch":126,"minecraft:diorite":13,"minecraft:redstone":175,"minecraft:arrow":24,"minecraft:rotten_flesh":28,"minecraft:mutton":7,"minecraft:white_wool":6,"minecraft:cobblestone":269,"minecraft:oxeye_daisy":1,"minecraft:andesite":23,"minecraft:leather":2,"minecraft:filled_map":1,"minecraft:tuff":13,"minecraft:oak_log":102,"minecraft:gunpowder":5,"minecraft:lapis_lazuli":32,"minecraft:dirt":110,"minecraft:cooked_mutton":9,"minecraft:bone":25,"minecraft:apple":3,"minecraft:bow":3,"minecraft:wheat_seeds":3,"minecraft:raw_gold":40,"minecraft:stone_pickaxe":3,"minecraft:iron_ingot":1,"minecraft:oak_planks":60,"minecraft:iron_sword":2,"minecraft:smooth_basalt":6,"minecraft:pumpkin":14,"minecraft:dandelion":2,"minecraft:gravel":6,"minecraft:sand":25,"minecraft:amethyst_shard":36,"minecraft:white_bed":6,"minecraft:spider_eye":5,"minecraft:diamond":11,"minecraft:stone_axe":1,"minecraft:iron_helmet":1,"minecraft:granite":4,"minecraft:oak_sapling":20,"minecraft:coal":87,"minecraft:diamond_pickaxe":1},"minecraft:broken":{"minecraft:stone_pickaxe":1,"minecraft:iron_axe":2,"minecraft:iron_pickaxe":3},"minecraft:dropped":{"minecraft:iron_sword":2,"minecraft:wheat_seeds":1,"minecraft:lapis_lazuli":32,"minecraft:oak_log":70,"minecraft:cobblestone":23,"minecraft:amethyst_block":110,"minecraft:coal":29,"minecraft:stick":2,"minecraft:lava_bucket":3,"minecraft:torch":38,"minecraft:iron_leggings":1,"minecraft:amethyst_shard":12,"minecraft:bone":3,"minecraft:redstone":45,"minecraft:cobbled_deepslate":64,"minecraft:tuff":13,"minecraft:raw_iron":44,"minecraft:clay_ball":28,"minecraft:oak_planks":29,"minecraft:filled_map":3,"minecraft:shield":1,"minecraft:charcoal":9,"minecraft:ladder":1,"minecraft:oak_boat":2,"minecraft:arrow":2,"minecraft:raw_gold":6,"minecraft:egg":2},"minecraft:crafted":{"minecraft:oak_planks":108,"minecraft:furnace":1,"minecraft:yellow_bed":1,"minecraft:iron_axe":2,"minecraft:ladder":57,"minecraft:chest":2,"minecraft:red_dye":1,"minecraft:crafting_table":1,"minecraft:air":0,"minecraft:oak_boat":1,"minecraft:yellow_dye":1,"minecraft:shield":2,"minecraft:stick":64,"minecraft:iron_ingot":94,"minecraft:iron_pickaxe":1,"minecraft:iron_shovel":1,"minecraft:iron_leggings":2,"minecraft:light_gray_dye":1,"minecraft:white_bed":2,"minecraft:torch":12},"minecraft:mined":{"minecraft:large_amethyst_bud":3,"minecraft:tuff":11,"minecraft:white_bed":6,"minecraft:deepslate_diamond_ore":11,"minecraft:budding_amethyst":1,"minecraft:granite":3,"minecraft:grass_block":74,"minecraft:oxeye_daisy":1,"minecraft:redstone_ore":12,"minecraft:furnace":4,"minecraft:iron_ore":167,"minecraft:cobbled_deepslate":30,"minecraft:andesite":20,"minecraft:pumpkin":14,"minecraft:deepslate_lapis_ore":4,"minecraft:deepslate_iron_ore":77,"minecraft:stone":286,"minecraft:tripwire":2,"minecraft:deepslate_redstone_ore":26,"minecraft:medium_amethyst_bud":1,"minecraft:amethyst_cluster":10,"minecraft:dandelion":1,"minecraft:clay":20,"minecraft:crafting_table":9,"minecraft:torch":20,"minecraft:short_grass":21,"minecraft:calcite":193,"minecraft:poppy":1,"minecraft:chest":1,"minecraft:tall_grass":2,"minecraft:copper_ore":12,"minecraft:cobblestone":15,"minecraft:deepslate_gold_ore":28,"minecraft:sugar_cane":41,"minecraft:oak_planks":8,"minecraft:diorite":13,"minecraft:wall_torch":4,"minecraft:amethyst_block":713,"minecraft:oak_log":102,"minecraft:coal_ore":86,"minecraft:gravel":6,"minecraft:sand":3,"minecraft:dirt":6,"minecraft:smooth_basalt":6,"minecraft:gold_ore":11,"minecraft:oak_leaves":35,"minecraft:deepslate":162},"minecraft:used":{"minecraft:stone_sword":1,"minecraft:ladder":47,"minecraft:chest":3,"minecraft:shield":124,"minecraft:rotten_flesh":39,"minecraft:iron_chestplate":2,"minecraft:torch":136,"minecraft:dirt":110,"minecraft:lava_bucket":7,"minecraft:iron_axe":362,"minecraft:iron_helmet":2,"minecraft:iron_boots":2,"minecraft:furnace":5,"minecraft:oak_sapling":18,"minecraft:cooked_cod":5,"minecraft:egg":3,"minecraft:cobbled_deepslate":34,"minecraft:iron_leggings":1,"minecraft:calcite":81,"minecraft:cooked_mutton":8,"minecraft:water_bucket":4,"minecraft:diorite":2,"minecraft:stone_pickaxe":202,"minecraft:oak_planks":25,"minecraft:sugar_cane":58,"minecraft:crafting_table":9,"minecraft:white_bed":7,"minecraft:oak_log":1,"minecraft:diamond_pickaxe":1080,"minecraft:string":2,"minecraft:iron_pickaxe":641,"minecraft:stone_axe":33,"minecraft:cobblestone":54,"minecraft:cooked_porkchop":5,"minecraft:bucket":15,"minecraft:andesite":20,"minecraft:yellow_bed":1},"minecraft:killed":{"minecraft:spider":11,"minecraft:skeleton":27,"minecraft:chicken":1,"minecraft:creeper":7,"minecraft:sheep":5,"minecraft:zombie":37}},"DataVersion":4082}