{"stats":{"minecraft:picked_up":{"minecraft:crafting_table":4,"minecraft:jungle_log":8,"minecraft:smithing_table":1,"minecraft:gold_block":1,"minecraft:oak_log":42,"minecraft:brewing_stand":1,"minecraft:yellow_bed":6,"minecraft:dirt":86,"minecraft:raw_copper":25,"minecraft:wheat_seeds":6,"minecraft:iron_ingot":10,"minecraft:poppy":1,"minecraft:lectern":1,"minecraft:chest":1,"minecraft:oak_planks":15,"minecraft:furnace":1,"minecraft:egg":1,"minecraft:oak_slab":10,"minecraft:stick":2,"minecraft:sand":43,"minecraft:jungle_planks":6,"minecraft:white_bed":6,"minecraft:rotten_flesh":1,"minecraft:hay_block":10,"minecraft:oak_sapling":4,"minecraft:netherrack":1,"minecraft:coal":87,"minecraft:cobblestone":46},"minecraft:killed":{"minecraft:iron_golem":2,"minecraft:zombie":1},"minecraft:broken":{"minecraft:golden_hoe":1},"minecraft:mined":{"minecraft:smithing_table":1,"minecraft:oak_slab":7,"minecraft:white_bed":6,"minecraft:jungle_leaves":4,"minecraft:brewing_stand":1,"minecraft:crafting_table":4,"minecraft:grass_block":83,"minecraft:jungle_planks":6,"minecraft:chest":1,"minecraft:jungle_log":8,"minecraft:lectern":1,"minecraft:tall_grass":1,"minecraft:copper_ore":6,"minecraft:cobblestone":13,"minecraft:oak_planks":15,"minecraft:hay_block":10,"minecraft:furnace":1,"minecraft:wheat":2,"minecraft:yellow_bed":6,"minecraft:gold_block":1,"minecraft:grass":10,"minecraft:oak_log":42,"minecraft:coal_ore":45,"minecraft:vine":1,"minecraft:sand":43,"minecraft:dirt":4,"minecraft:stone":34,"minecraft:netherrack":1,"minecraft:oak_leaves":3},"minecraft:custom":{"minecraft:interact_with_furnace":2,"minecraft:mob_kills":3,"minecraft:traded_with_villager":1,"minecraft:interact_with_crafting_table":14,"minecraft:leave_game":2,"minecraft:time_since_death":54056,"minecraft:sleep_in_bed":4,"minecraft:climb_one_cm":572,"minecraft:time_since_rest":8621,"minecraft:sprint_one_cm":72225,"minecraft:damage_taken":222,"minecraft:walk_one_cm":164425,"minecraft:damage_dealt":2170,"minecraft:swim_one_cm":2914,"minecraft:talked_to_villager":7,"minecraft:fly_one_cm":190590,"minecraft:open_chest":5,"minecraft:crouch_one_cm":9559,"minecraft:play_time":54056,"minecraft:sneak_time":3369,"minecraft:walk_under_water_one_cm":4785,"minecraft:jump":922,"minecraft:walk_on_water_one_cm":4467,"minecraft:total_world_time":54056,"minecraft:fall_one_cm":28006},"minecraft:used":{"minecraft:wheat_seeds":6,"minecraft:oak_trapdoor":3,"minecraft:water_bucket":4,"minecraft:iron_shovel":118,"minecraft:poppy":2,"minecraft:oak_planks":113,"minecraft:composter":4,"minecraft:stone_hoe":51,"minecraft:netherrack":1,"minecraft:golden_hoe":32,"minecraft:dirt":86,"minecraft:sand":1,"minecraft:oak_slab":96,"minecraft:crafting_table":5,"minecraft:jungle_planks":6,"minecraft:jungle_slab":6,"minecraft:white_bed":5,"minecraft:lightning_rod":1,"minecraft:iron_axe":119,"minecraft:bread":8,"minecraft:iron_pickaxe":86,"minecraft:jungle_log":4,"minecraft:iron_boots":1,"minecraft:cobblestone":33,"minecraft:oak_sapling":4,"minecraft:furnace":1,"minecraft:bucket":5,"minecraft:yellow_bed":4,"minecraft:egg":1,"minecraft:golden_pickaxe":19,"minecraft:iron_leggings":1},"minecraft:crafted":{"minecraft:oak_slab":102,"minecraft:oak_planks":168,"minecraft:crafting_table":1,"minecraft:lightning_rod":1,"minecraft:furnace":1,"minecraft:copper_ingot":3,"minecraft:bucket":1,"minecraft:jungle_slab":18,"minecraft:bread":30,"minecraft:air":0,"minecraft:oak_trapdoor":4,"minecraft:jungle_planks":16,"minecraft:iron_axe":1,"minecraft:stick":8,"minecraft:iron_pickaxe":1,"minecraft:iron_shovel":1,"minecraft:composter":4,"minecraft:stone_hoe":1,"minecraft:wheat":90}},"DataVersion":3465}