{"stats":{"minecraft:used":{"minecraft:wheat_seeds":6,"minecraft:oak_trapdoor":3,"minecraft:water_bucket":4,"minecraft:iron_shovel":121,"minecraft:oak_planks":121,"minecraft:poppy":2,"minecraft:composter":11,"minecraft:stone_hoe":92,"minecraft:netherrack":1,"minecraft:white_wool":1,"minecraft:dirt":89,"minecraft:sand":1,"minecraft:golden_hoe":32,"minecraft:crafting_table":5,"minecraft:oak_slab":96,"minecraft:jungle_planks":7,"minecraft:jungle_slab":10,"minecraft:white_bed":5,"minecraft:lightning_rod":1,"minecraft:bread":20,"minecraft:iron_axe":213,"minecraft:iron_pickaxe":86,"minecraft:jungle_log":4,"minecraft:iron_boots":1,"minecraft:fire_charge":1,"minecraft:cobblestone":33,"minecraft:furnace":1,"minecraft:oak_sapling":4,"minecraft:bucket":5,"minecraft:yellow_bed":8,"minecraft:egg":3,"minecraft:golden_pickaxe":19,"minecraft:iron_leggings":1},"minecraft:mined":{"minecraft:smithing_table":1,"minecraft:oak_slab":7,"minecraft:white_bed":6,"minecraft:jungle_slab":2,"minecraft:jungle_leaves":4,"minecraft:brewing_stand":1,"minecraft:crafting_table":5,"minecraft:grass_block":84,"minecraft:melon":2,"minecraft:jungle_planks":6,"minecraft:chest":1,"minecraft:jungle_log":8,"minecraft:lectern":1,"minecraft:copper_ore":6,"minecraft:tall_grass":1,"minecraft:cobblestone":13,"minecraft:spruce_leaves":10,"minecraft:composter":7,"minecraft:oak_planks":23,"minecraft:sugar_cane":12,"minecraft:hay_block":10,"minecraft:furnace":1,"minecraft:wheat":2,"minecraft:fire":1,"minecraft:spruce_log":27,"minecraft:birch_leaves":1,"minecraft:yellow_bed":10,"minecraft:gold_block":1,"minecraft:grass":10,"minecraft:oak_log":67,"minecraft:coal_ore":45,"minecraft:vine":1,"minecraft:sand":43,"minecraft:dirt":6,"minecraft:stone":34,"minecraft:netherrack":1,"minecraft:white_wool":1,"minecraft:oak_leaves":26},"minecraft:crafted":{"minecraft:oak_slab":102,"minecraft:oak_planks":168,"minecraft:crafting_table":1,"minecraft:lightning_rod":1,"minecraft:furnace":1,"minecraft:copper_ingot":3,"minecraft:bucket":1,"minecraft:jungle_slab":18,"minecraft:bread":30,"minecraft:air":0,"minecraft:oak_trapdoor":4,"minecraft:jungle_planks":16,"minecraft:iron_axe":1,"minecraft:stick":8,"minecraft:iron_pickaxe":1,"minecraft:iron_shovel":1,"minecraft:composter":4,"minecraft:stone_hoe":1,"minecraft:wheat":90},"minecraft:killed":{"minecraft:iron_golem":3,"minecraft:zombie":1},"minecraft:picked_up":{"minecraft:crafting_table":5,"minecraft:jungle_log":8,"minecraft:smithing_table":1,"minecraft:gold_block":1,"minecraft:oak_log":67,"minecraft:brewing_stand":1,"minecraft:yellow_bed":10,"minecraft:dirt":89,"minecraft:raw_copper":25,"minecraft:apple":5,"minecraft:wheat_seeds":6,"minecraft:iron_ingot":13,"minecraft:poppy":1,"minecraft:lectern":1,"minecraft:melon_slice":9,"minecraft:sugar_cane":29,"minecraft:chest":1,"minecraft:oak_planks":23,"minecraft:egg":3,"minecraft:furnace":1,"minecraft:oak_slab":10,"minecraft:stick":17,"minecraft:composter":7,"minecraft:jungle_planks":6,"minecraft:sand":43,"minecraft:spruce_sapling":8,"minecraft:white_bed":6,"minecraft:spruce_log":26,"minecraft:jungle_slab":4,"minecraft:rotten_flesh":1,"minecraft:hay_block":10,"minecraft:bread":13,"minecraft:oak_sapling":17,"minecraft:netherrack":1,"minecraft:mutton":5,"minecraft:coal":87,"minecraft:white_wool":5,"minecraft:cobblestone":46},"minecraft:broken":{"minecraft:golden_hoe":1},"minecraft:custom":{"minecraft:interact_with_furnace":2,"minecraft:mob_kills":4,"minecraft:traded_with_villager":1,"minecraft:interact_with_crafting_table":14,"minecraft:leave_game":5,"minecraft:time_since_death":106200,"minecraft:sleep_in_bed":9,"minecraft:climb_one_cm":1980,"minecraft:time_since_rest":2731,"minecraft:sprint_one_cm":164332,"minecraft:damage_taken":562,"minecraft:walk_one_cm":265897,"minecraft:drop":15,"minecraft:damage_dealt":3170,"minecraft:talked_to_villager":12,"minecraft:swim_one_cm":23993,"minecraft:fly_one_cm":428315,"minecraft:open_chest":5,"minecraft:crouch_one_cm":12384,"minecraft:play_time":106200,"minecraft:sneak_time":4469,"minecraft:walk_under_water_one_cm":7977,"minecraft:jump":2165,"minecraft:walk_on_water_one_cm":11706,"minecraft:total_world_time":106200,"minecraft:fall_one_cm":60952},"minecraft:dropped":{"minecraft:bread":13,"minecraft:feather":1,"minecraft:rotten_flesh":1}},"DataVersion":3465}