{"stats":{"minecraft:picked_up":{"minecraft:crafting_table":3,"minecraft:jungle_log":8,"minecraft:gold_block":1,"minecraft:oak_log":26,"minecraft:yellow_bed":3,"minecraft:dirt":86,"minecraft:raw_copper":25,"minecraft:wheat_seeds":1,"minecraft:iron_ingot":10,"minecraft:poppy":1,"minecraft:chest":1,"minecraft:egg":1,"minecraft:sand":43,"minecraft:jungle_planks":6,"minecraft:hay_block":10,"minecraft:oak_sapling":2,"minecraft:netherrack":1,"minecraft:coal":44,"minecraft:cobblestone":38},"minecraft:killed":{"minecraft:iron_golem":2},"minecraft:mined":{"minecraft:jungle_leaves":4,"minecraft:crafting_table":3,"minecraft:grass_block":83,"minecraft:jungle_planks":6,"minecraft:chest":1,"minecraft:jungle_log":8,"minecraft:tall_grass":1,"minecraft:copper_ore":6,"minecraft:cobblestone":4,"minecraft:hay_block":10,"minecraft:yellow_bed":3,"minecraft:gold_block":1,"minecraft:grass":10,"minecraft:oak_log":26,"minecraft:coal_ore":45,"minecraft:vine":1,"minecraft:sand":43,"minecraft:dirt":4,"minecraft:stone":34,"minecraft:netherrack":1,"minecraft:oak_leaves":1},"minecraft:broken":{"minecraft:golden_hoe":1},"minecraft:custom":{"minecraft:interact_with_furnace":2,"minecraft:mob_kills":2,"minecraft:traded_with_villager":1,"minecraft:interact_with_crafting_table":7,"minecraft:leave_game":2,"minecraft:time_since_death":30056,"minecraft:sleep_in_bed":2,"minecraft:climb_one_cm":572,"minecraft:time_since_rest":11669,"minecraft:sprint_one_cm":40543,"minecraft:damage_taken":80,"minecraft:walk_one_cm":83751,"minecraft:damage_dealt":2000,"minecraft:swim_one_cm":2914,"minecraft:talked_to_villager":6,"minecraft:fly_one_cm":112829,"minecraft:open_chest":5,"minecraft:crouch_one_cm":4380,"minecraft:play_time":30056,"minecraft:sneak_time":1663,"minecraft:walk_under_water_one_cm":1417,"minecraft:jump":523,"minecraft:walk_on_water_one_cm":631,"minecraft:total_world_time":30056,"minecraft:fall_one_cm":16292},"minecraft:used":{"minecraft:water_bucket":1,"minecraft:iron_shovel":118,"minecraft:poppy":2,"minecraft:oak_planks":40,"minecraft:stone_hoe":47,"minecraft:netherrack":1,"minecraft:golden_hoe":32,"minecraft:dirt":84,"minecraft:crafting_table":4,"minecraft:jungle_planks":6,"minecraft:iron_axe":71,"minecraft:bread":3,"minecraft:iron_pickaxe":86,"minecraft:jungle_log":4,"minecraft:iron_boots":1,"minecraft:cobblestone":7,"minecraft:furnace":1,"minecraft:bucket":1,"minecraft:yellow_bed":2,"minecraft:egg":1,"minecraft:golden_pickaxe":5,"minecraft:iron_leggings":1},"minecraft:crafted":{"minecraft:oak_planks":104,"minecraft:crafting_table":1,"minecraft:furnace":1,"minecraft:bucket":1,"minecraft:bread":30,"minecraft:jungle_planks":16,"minecraft:iron_axe":1,"minecraft:stick":8,"minecraft:iron_pickaxe":1,"minecraft:iron_shovel":1,"minecraft:stone_hoe":1,"minecraft:wheat":90}},"DataVersion":3465}