{"stats":{"minecraft:mined":{"minecraft:nether_gold_ore":2,"minecraft:spruce_planks":50,"minecraft:white_bed":8,"minecraft:deepslate_diamond_ore":1,"minecraft:jungle_slab":2,"minecraft:cobblestone_stairs":13,"minecraft:jungle_leaves":5,"minecraft:brewing_stand":1,"minecraft:grass_block":932,"minecraft:jungle_planks":6,"minecraft:crimson_roots":1,"minecraft:jungle_log":8,"minecraft:spruce_leaves":43,"minecraft:composter":23,"minecraft:moss_block":1,"minecraft:sandstone":1,"minecraft:hay_block":37,"minecraft:weeping_vines_plant":1,"minecraft:redstone_ore":1,"minecraft:oak_trapdoor":1,"minecraft:spruce_sapling":11,"minecraft:furnace":1,"minecraft:carrots":3,"minecraft:iron_ore":66,"minecraft:fire":1,"minecraft:andesite":45,"minecraft:stripped_spruce_log":2,"minecraft:pumpkin":3,"minecraft:azure_bluet":1,"minecraft:gold_block":1,"minecraft:vine":1,"minecraft:deepslate_iron_ore":26,"minecraft:cobblestone_slab":48,"minecraft:dirt_path":1,"minecraft:rail":8,"minecraft:stone":1210,"minecraft:white_wool":1,"minecraft:podzol":2,"minecraft:smithing_table":1,"minecraft:deepslate_redstone_ore":1,"minecraft:oak_slab":28,"minecraft:soul_sand":132,"minecraft:crimson_nylium":17,"minecraft:dandelion":12,"minecraft:crafting_table":14,"minecraft:torch":1,"minecraft:poppy":3,"minecraft:melon":14,"minecraft:chest":1,"minecraft:lectern":1,"minecraft:nether_quartz_ore":15,"minecraft:tall_grass":50,"minecraft:copper_ore":7,"minecraft:cobblestone":50,"minecraft:lapis_ore":4,"minecraft:oak_planks":44,"minecraft:sugar_cane":270,"minecraft:cobblestone_wall":4,"minecraft:nether_wart_block":3,"minecraft:wheat":4,"minecraft:spruce_log":1396,"minecraft:birch_leaves":1,"minecraft:yellow_bed":17,"minecraft:grass":154,"minecraft:coal_ore":70,"minecraft:oak_log":71,"minecraft:gravel":1,"minecraft:sand":260,"minecraft:dirt":686,"minecraft:stonecutter":14,"minecraft:spruce_fence_gate":4,"minecraft:netherrack":942,"minecraft:oak_leaves":40,"minecraft:deepslate":3},"minecraft:broken":{"minecraft:golden_hoe":1,"minecraft:diamond_pickaxe":1,"minecraft:iron_axe":3,"minecraft:iron_pickaxe":1},"minecraft:picked_up":{"minecraft:crafting_table":14,"minecraft:wheat":166,"minecraft:azure_bluet":1,"minecraft:smithing_table":1,"minecraft:gold_block":1,"minecraft:brewing_stand":1,"minecraft:string":4,"minecraft:oak_trapdoor":1,"minecraft:raw_copper":29,"minecraft:iron_axe":1,"minecraft:gold_nugget":16,"minecraft:cobbled_deepslate":3,"minecraft:spruce_planks":111,"minecraft:cobblestone_slab":56,"minecraft:minecart":5,"minecraft:poppy":6,"minecraft:lectern":1,"minecraft:chest":2,"minecraft:melon_slice":63,"minecraft:sugar_cane":484,"minecraft:furnace":1,"minecraft:egg":5,"minecraft:raw_iron":105,"minecraft:stick":376,"minecraft:sandstone":1,"minecraft:composter":23,"minecraft:torch":1,"minecraft:porkchop":4,"minecraft:carrot":11,"minecraft:redstone":9,"minecraft:arrow":5,"minecraft:rotten_flesh":14,"minecraft:hay_block":37,"minecraft:mutton":5,"minecraft:white_wool":97,"minecraft:rail":18,"minecraft:cobblestone":1273,"minecraft:oxeye_daisy":2,"minecraft:andesite":46,"minecraft:jungle_log":8,"minecraft:leather":1,"minecraft:oak_log":71,"minecraft:yellow_bed":17,"minecraft:nether_wart_block":3,"minecraft:cobblestone_wall":4,"minecraft:cobblestone_stairs":13,"minecraft:lapis_lazuli":21,"minecraft:dirt":1631,"minecraft:bone":9,"minecraft:apple":5,"minecraft:stonecutter":14,"minecraft:bow":1,"minecraft:wheat_seeds":61,"minecraft:iron_ingot":18,"minecraft:moss_block":1,"minecraft:oak_planks":45,"minecraft:soul_sand":132,"minecraft:oak_slab":32,"minecraft:pumpkin":3,"minecraft:quartz":19,"minecraft:dandelion":15,"minecraft:gravel":1,"minecraft:jungle_planks":6,"minecraft:sand":258,"minecraft:stripped_spruce_log":2,"minecraft:spruce_sapling":196,"minecraft:white_bed":9,"minecraft:spruce_log":1394,"minecraft:jungle_slab":4,"minecraft:spruce_fence_gate":4,"minecraft:diamond":1,"minecraft:bread":15,"minecraft:oak_sapling":18,"minecraft:netherrack":883,"minecraft:coal":112,"minecraft:crimson_roots":5,"minecraft:diamond_pickaxe":1},"minecraft:crafted":{"minecraft:oak_planks":176,"minecraft:cobblestone_slab":60,"minecraft:stone_shovel":2,"minecraft:lightning_rod":1,"minecraft:furnace":1,"minecraft:stone":3,"minecraft:cobblestone_stairs":17,"minecraft:diamond_shovel":6,"minecraft:cooked_mutton":5,"minecraft:flint_and_steel":1,"minecraft:oak_trapdoor":4,"minecraft:glass":43,"minecraft:iron_axe":11,"minecraft:iron_hoe":1,"minecraft:spruce_wood":12,"minecraft:ladder":12,"minecraft:melon_seeds":2,"minecraft:spruce_slab":6,"minecraft:chest":7,"minecraft:rail":48,"minecraft:stone_hoe":1,"minecraft:minecart":1,"minecraft:wheat":277,"minecraft:oak_slab":102,"minecraft:emerald":313,"minecraft:spruce_sign":9,"minecraft:crafting_table":3,"minecraft:spruce_planks":5332,"minecraft:smithing_table":1,"minecraft:copper_ingot":3,"minecraft:fletching_table":2,"minecraft:bucket":2,"minecraft:stone_axe":11,"minecraft:jungle_slab":18,"minecraft:air":0,"minecraft:bread":249,"minecraft:jungle_planks":16,"minecraft:spruce_trapdoor":4,"minecraft:diamond_pickaxe":3,"minecraft:stick":9617,"minecraft:iron_ingot":105,"minecraft:iron_pickaxe":1,"minecraft:iron_shovel":1,"minecraft:stonecutter":1,"minecraft:white_bed":19,"minecraft:composter":4,"minecraft:spruce_fence_gate":80,"minecraft:torch":20,"minecraft:shears":1},"minecraft:used":{"minecraft:oak_trapdoor":4,"minecraft:flint_and_steel":1,"minecraft:iron_shovel":262,"minecraft:spruce_slab":6,"minecraft:stone_shovel":219,"minecraft:ladder":12,"minecraft:poppy":3,"minecraft:chest":8,"minecraft:spruce_planks":68,"minecraft:stone_hoe":111,"minecraft:netherrack":361,"minecraft:torch":6,"minecraft:soul_sand":8,"minecraft:dirt":661,"minecraft:jungle_planks":7,"minecraft:cobblestone_wall":196,"minecraft:carrot":67,"minecraft:jungle_slab":10,"minecraft:deepslate_brick_slab":4,"minecraft:glass":6,"minecraft:iron_hoe":30,"minecraft:lava_bucket":12,"minecraft:spruce_wood":9,"minecraft:iron_axe":2233,"minecraft:jungle_log":4,"minecraft:iron_boots":1,"minecraft:melon_seeds":2,"minecraft:furnace":2,"minecraft:oak_sapling":4,"minecraft:minecart":5,"minecraft:egg":5,"minecraft:iron_leggings":1,"minecraft:wheat_seeds":16,"minecraft:cooked_mutton":5,"minecraft:water_bucket":187,"minecraft:cobblestone_stairs":181,"minecraft:oak_planks":136,"minecraft:composter":27,"minecraft:spruce_sign":9,"minecraft:stonecutter":15,"minecraft:spruce_fence_gate":84,"minecraft:sugar_cane":65,"minecraft:fletching_table":2,"minecraft:cobblestone_slab":1209,"minecraft:white_wool":1,"minecraft:oak_slab":118,"minecraft:sand":34,"minecraft:golden_hoe":32,"minecraft:rail":35,"minecraft:crafting_table":16,"minecraft:white_bed":26,"minecraft:spruce_log":13,"minecraft:lightning_rod":1,"minecraft:diamond_pickaxe":2239,"minecraft:oxeye_daisy":2,"minecraft:diamond_shovel":1547,"minecraft:melon_slice":64,"minecraft:bread":115,"minecraft:string":2,"minecraft:iron_pickaxe":251,"minecraft:spruce_trapdoor":4,"minecraft:spruce_sapling":196,"minecraft:gravel":1,"minecraft:fire_charge":1,"minecraft:cobblestone":136,"minecraft:smithing_table":1,"minecraft:bucket":201,"minecraft:andesite":5,"minecraft:yellow_bed":17,"minecraft:golden_pickaxe":70,"minecraft:dandelion":9,"minecraft:bone_meal":318},"minecraft:killed":{"minecraft:spider":1,"minecraft:skeleton":7,"minecraft:piglin":1,"minecraft:zombie_villager":1,"minecraft:iron_golem":4,"minecraft:hoglin":1,"minecraft:zombie":13},"minecraft:dropped":{"minecraft:stone_hoe":1,"minecraft:bread":79,"minecraft:wheat_seeds":11,"minecraft:feather":1,"minecraft:stick":269,"minecraft:dirt":1,"minecraft:iron_axe":4,"minecraft:iron_shovel":1,"minecraft:stone_axe":11,"minecraft:wheat":171,"minecraft:stone_shovel":2,"minecraft:rotten_flesh":3,"minecraft:oak_planks":1,"minecraft:white_bed":1,"minecraft:carrot":8,"minecraft:poppy":1,"minecraft:spruce_planks":64,"minecraft:diamond_pickaxe":1,"minecraft:chest":1},"minecraft:killed_by":{"minecraft:zombie":1},"minecraft:custom":{"minecraft:mob_kills":28,"minecraft:interact_with_crafting_table":63,"minecraft:leave_game":23,"minecraft:time_since_death":86689,"minecraft:climb_one_cm":19761,"minecraft:sprint_one_cm":1006125,"minecraft:walk_one_cm":1612207,"minecraft:drop":115,"minecraft:talked_to_villager":197,"minecraft:play_time":703914,"minecraft:deaths":2,"minecraft:sneak_time":62025,"minecraft:walk_under_water_one_cm":22956,"minecraft:jump":12415,"minecraft:walk_on_water_one_cm":66105,"minecraft:total_world_time":703914,"minecraft:interact_with_furnace":29,"minecraft:traded_with_villager":367,"minecraft:interact_with_stonecutter":36,"minecraft:sleep_in_bed":49,"minecraft:time_since_rest":11568,"minecraft:damage_taken":4805,"minecraft:damage_dealt":9390,"minecraft:swim_one_cm":44123,"minecraft:fly_one_cm":2381074,"minecraft:open_chest":186,"minecraft:crouch_one_cm":199679,"minecraft:fall_one_cm":300502}},"DataVersion":3465}