{"stats":{"minecraft:picked_up":{"minecraft:crafting_table":2,"minecraft:jungle_log":8,"minecraft:gold_block":1,"minecraft:sand":43,"minecraft:oak_log":26,"minecraft:yellow_bed":2,"minecraft:hay_block":10,"minecraft:iron_ingot":5,"minecraft:poppy":1,"minecraft:netherrack":1,"minecraft:oak_sapling":2,"minecraft:chest":1,"minecraft:cobblestone":34,"minecraft:coal":44},"minecraft:killed":{"minecraft:iron_golem":1},"minecraft:mined":{"minecraft:hay_block":10,"minecraft:jungle_leaves":4,"minecraft:gold_block":1,"minecraft:yellow_bed":2,"minecraft:crafting_table":2,"minecraft:grass":3,"minecraft:coal_ore":45,"minecraft:oak_log":26,"minecraft:vine":1,"minecraft:chest":1,"minecraft:jungle_log":8,"minecraft:sand":43,"minecraft:stone":34,"minecraft:netherrack":1,"minecraft:oak_leaves":1},"minecraft:custom":{"minecraft:time_since_rest":9629,"minecraft:sprint_one_cm":26287,"minecraft:damage_taken":60,"minecraft:walk_one_cm":44250,"minecraft:mob_kills":1,"minecraft:damage_dealt":1000,"minecraft:traded_with_villager":1,"minecraft:swim_one_cm":2914,"minecraft:talked_to_villager":6,"minecraft:interact_with_crafting_table":4,"minecraft:fly_one_cm":69796,"minecraft:open_chest":5,"minecraft:crouch_one_cm":23,"minecraft:play_time":18056,"minecraft:sneak_time":396,"minecraft:walk_under_water_one_cm":213,"minecraft:jump":316,"minecraft:leave_game":2,"minecraft:walk_on_water_one_cm":178,"minecraft:time_since_death":18056,"minecraft:sleep_in_bed":1,"minecraft:climb_one_cm":548,"minecraft:total_world_time":18056,"minecraft:fall_one_cm":11801},"minecraft:used":{"minecraft:iron_shovel":29,"minecraft:iron_axe":47,"minecraft:bread":3,"minecraft:poppy":2,"minecraft:iron_pickaxe":80,"minecraft:jungle_log":4,"minecraft:iron_boots":1,"minecraft:netherrack":1,"minecraft:crafting_table":2,"minecraft:yellow_bed":1,"minecraft:golden_pickaxe":1,"minecraft:iron_leggings":1},"minecraft:crafted":{"minecraft:iron_axe":1,"minecraft:crafting_table":1,"minecraft:stick":4,"minecraft:iron_pickaxe":1,"minecraft:iron_shovel":1,"minecraft:bread":30,"minecraft:jungle_planks":16,"minecraft:wheat":90}},"DataVersion":3465}