{"stats":{"minecraft:picked_up":{"minecraft:jungle_log":2,"minecraft:oak_log":1,"minecraft:melon_slice":28,"minecraft:cobblestone":21},"minecraft:used":{"minecraft:crafting_table":1,"minecraft:wooden_pickaxe":21},"minecraft:crafted":{"minecraft:oak_planks":4,"minecraft:crafting_table":1,"minecraft:stick":4,"minecraft:wooden_pickaxe":1,"minecraft:jungle_planks":8},"minecraft:custom":{"minecraft:time_since_rest":16514,"minecraft:crouch_one_cm":722,"minecraft:play_time":16514,"minecraft:sprint_one_cm":6344,"minecraft:damage_taken":50,"minecraft:walk_one_cm":17504,"minecraft:walk_under_water_one_cm":2111,"minecraft:sneak_time":392,"minecraft:mob_kills":1,"minecraft:jump":123,"minecraft:damage_dealt":196,"minecraft:leave_game":2,"minecraft:time_since_death":16514,"minecraft:walk_on_water_one_cm":643,"minecraft:total_world_time":16514,"minecraft:climb_one_cm":226,"minecraft:swim_one_cm":919,"minecraft:interact_with_crafting_table":2,"minecraft:fall_one_cm":3073,"minecraft:fly_one_cm":17185},"minecraft:mined":{"minecraft:oak_log":1,"minecraft:melon":5,"minecraft:vine":1,"minecraft:jungle_log":2,"minecraft:stone":21,"minecraft:oak_leaves":1},"minecraft:killed":{"minecraft:zombie":1}},"DataVersion":4082}