{"stats":{"minecraft:used":{"minecraft:wheat_seeds":8,"minecraft:oak_trapdoor":3,"minecraft:water_bucket":4,"minecraft:iron_shovel":152,"minecraft:oak_planks":121,"minecraft:poppy":2,"minecraft:chest":1,"minecraft:composter":11,"minecraft:stone_hoe":110,"minecraft:netherrack":1,"minecraft:white_wool":1,"minecraft:dirt":101,"minecraft:sand":1,"minecraft:golden_hoe":32,"minecraft:crafting_table":6,"minecraft:oak_slab":96,"minecraft:jungle_planks":7,"minecraft:jungle_slab":10,"minecraft:white_bed":5,"minecraft:lightning_rod":1,"minecraft:bread":32,"minecraft:iron_axe":224,"minecraft:iron_pickaxe":86,"minecraft:jungle_log":4,"minecraft:iron_boots":1,"minecraft:spruce_sapling":9,"minecraft:fire_charge":1,"minecraft:cobblestone":33,"minecraft:furnace":1,"minecraft:oak_sapling":4,"minecraft:bucket":5,"minecraft:yellow_bed":11,"minecraft:egg":3,"minecraft:golden_pickaxe":19,"minecraft:iron_leggings":1},"minecraft:mined":{"minecraft:smithing_table":1,"minecraft:oak_slab":7,"minecraft:white_bed":6,"minecraft:jungle_slab":2,"minecraft:jungle_leaves":5,"minecraft:brewing_stand":1,"minecraft:crafting_table":5,"minecraft:grass_block":91,"minecraft:melon":14,"minecraft:jungle_planks":6,"minecraft:chest":1,"minecraft:jungle_log":8,"minecraft:lectern":1,"minecraft:tall_grass":6,"minecraft:copper_ore":6,"minecraft:cobblestone":13,"minecraft:spruce_leaves":24,"minecraft:composter":7,"minecraft:oak_planks":23,"minecraft:sugar_cane":12,"minecraft:hay_block":10,"minecraft:furnace":1,"minecraft:carrots":1,"minecraft:wheat":4,"minecraft:fire":1,"minecraft:spruce_log":27,"minecraft:birch_leaves":1,"minecraft:pumpkin":3,"minecraft:yellow_bed":13,"minecraft:gold_block":1,"minecraft:grass":12,"minecraft:oak_log":67,"minecraft:coal_ore":45,"minecraft:vine":1,"minecraft:sand":43,"minecraft:dirt":19,"minecraft:stone":34,"minecraft:netherrack":1,"minecraft:white_wool":1,"minecraft:oak_leaves":28},"minecraft:crafted":{"minecraft:oak_slab":102,"minecraft:oak_planks":168,"minecraft:crafting_table":1,"minecraft:lightning_rod":1,"minecraft:furnace":1,"minecraft:copper_ingot":3,"minecraft:bucket":1,"minecraft:jungle_slab":18,"minecraft:bread":30,"minecraft:air":0,"minecraft:oak_trapdoor":4,"minecraft:jungle_planks":16,"minecraft:iron_axe":1,"minecraft:stick":8,"minecraft:iron_pickaxe":1,"minecraft:iron_shovel":1,"minecraft:composter":4,"minecraft:stone_hoe":1,"minecraft:wheat":90},"minecraft:killed":{"minecraft:iron_golem":3,"minecraft:zombie":1},"minecraft:picked_up":{"minecraft:crafting_table":5,"minecraft:jungle_log":8,"minecraft:smithing_table":1,"minecraft:gold_block":1,"minecraft:oak_log":67,"minecraft:brewing_stand":1,"minecraft:yellow_bed":13,"minecraft:dirt":101,"minecraft:raw_copper":25,"minecraft:apple":5,"minecraft:wheat_seeds":8,"minecraft:iron_ingot":13,"minecraft:poppy":1,"minecraft:lectern":1,"minecraft:melon_slice":63,"minecraft:sugar_cane":29,"minecraft:chest":2,"minecraft:oak_planks":23,"minecraft:egg":3,"minecraft:furnace":1,"minecraft:oak_slab":10,"minecraft:stick":17,"minecraft:pumpkin":3,"minecraft:composter":7,"minecraft:jungle_planks":6,"minecraft:sand":43,"minecraft:spruce_sapling":9,"minecraft:carrot":1,"minecraft:white_bed":7,"minecraft:spruce_log":26,"minecraft:jungle_slab":4,"minecraft:rotten_flesh":1,"minecraft:hay_block":10,"minecraft:bread":13,"minecraft:oak_sapling":17,"minecraft:netherrack":1,"minecraft:mutton":5,"minecraft:coal":87,"minecraft:white_wool":5,"minecraft:cobblestone":46},"minecraft:broken":{"minecraft:golden_hoe":1},"minecraft:custom":{"minecraft:interact_with_furnace":2,"minecraft:mob_kills":4,"minecraft:traded_with_villager":1,"minecraft:interact_with_crafting_table":14,"minecraft:leave_game":7,"minecraft:time_since_death":134039,"minecraft:sleep_in_bed":12,"minecraft:climb_one_cm":5990,"minecraft:time_since_rest":1643,"minecraft:sprint_one_cm":226808,"minecraft:damage_taken":1039,"minecraft:walk_one_cm":315228,"minecraft:drop":18,"minecraft:damage_dealt":3170,"minecraft:talked_to_villager":12,"minecraft:swim_one_cm":28757,"minecraft:fly_one_cm":613888,"minecraft:open_chest":6,"minecraft:crouch_one_cm":12404,"minecraft:play_time":134039,"minecraft:sneak_time":4504,"minecraft:walk_under_water_one_cm":9048,"minecraft:jump":3042,"minecraft:walk_on_water_one_cm":14941,"minecraft:total_world_time":134039,"minecraft:fall_one_cm":96925},"minecraft:dropped":{"minecraft:bread":13,"minecraft:feather":1,"minecraft:rotten_flesh":1,"minecraft:white_bed":1,"minecraft:chest":1,"minecraft:iron_axe":1}},"DataVersion":3465}