{"stats":{"minecraft:picked_up":{"minecraft:crafting_table":4,"minecraft:jungle_log":8,"minecraft:gold_block":1,"minecraft:oak_log":42,"minecraft:yellow_bed":4,"minecraft:dirt":86,"minecraft:raw_copper":25,"minecraft:wheat_seeds":1,"minecraft:iron_ingot":10,"minecraft:poppy":1,"minecraft:chest":1,"minecraft:oak_planks":3,"minecraft:egg":1,"minecraft:oak_slab":7,"minecraft:sand":43,"minecraft:jungle_planks":6,"minecraft:hay_block":10,"minecraft:oak_sapling":2,"minecraft:netherrack":1,"minecraft:coal":44,"minecraft:cobblestone":41},"minecraft:killed":{"minecraft:iron_golem":2},"minecraft:broken":{"minecraft:golden_hoe":1},"minecraft:mined":{"minecraft:oak_slab":5,"minecraft:jungle_leaves":4,"minecraft:crafting_table":4,"minecraft:grass_block":83,"minecraft:jungle_planks":6,"minecraft:chest":1,"minecraft:jungle_log":8,"minecraft:tall_grass":1,"minecraft:copper_ore":6,"minecraft:cobblestone":7,"minecraft:oak_planks":3,"minecraft:hay_block":10,"minecraft:yellow_bed":4,"minecraft:gold_block":1,"minecraft:grass":10,"minecraft:oak_log":42,"minecraft:coal_ore":45,"minecraft:vine":1,"minecraft:sand":43,"minecraft:dirt":4,"minecraft:stone":34,"minecraft:netherrack":1,"minecraft:oak_leaves":3},"minecraft:custom":{"minecraft:interact_with_furnace":2,"minecraft:mob_kills":2,"minecraft:traded_with_villager":1,"minecraft:interact_with_crafting_table":13,"minecraft:leave_game":2,"minecraft:time_since_death":42056,"minecraft:sleep_in_bed":3,"minecraft:climb_one_cm":572,"minecraft:time_since_rest":10772,"minecraft:sprint_one_cm":53403,"minecraft:damage_taken":160,"minecraft:walk_one_cm":112911,"minecraft:damage_dealt":2000,"minecraft:swim_one_cm":2914,"minecraft:talked_to_villager":6,"minecraft:fly_one_cm":140594,"minecraft:open_chest":5,"minecraft:crouch_one_cm":8812,"minecraft:play_time":42056,"minecraft:sneak_time":3073,"minecraft:walk_under_water_one_cm":4189,"minecraft:jump":664,"minecraft:walk_on_water_one_cm":2530,"minecraft:total_world_time":42056,"minecraft:fall_one_cm":20468},"minecraft:used":{"minecraft:wheat_seeds":1,"minecraft:oak_trapdoor":3,"minecraft:water_bucket":2,"minecraft:iron_shovel":118,"minecraft:poppy":2,"minecraft:oak_planks":71,"minecraft:stone_hoe":51,"minecraft:netherrack":1,"minecraft:golden_hoe":32,"minecraft:dirt":86,"minecraft:oak_slab":82,"minecraft:crafting_table":5,"minecraft:jungle_planks":6,"minecraft:iron_axe":96,"minecraft:bread":5,"minecraft:iron_pickaxe":86,"minecraft:jungle_log":4,"minecraft:iron_boots":1,"minecraft:cobblestone":7,"minecraft:oak_sapling":4,"minecraft:furnace":1,"minecraft:bucket":3,"minecraft:yellow_bed":3,"minecraft:egg":1,"minecraft:golden_pickaxe":8,"minecraft:iron_leggings":1},"minecraft:crafted":{"minecraft:oak_slab":102,"minecraft:oak_planks":168,"minecraft:crafting_table":1,"minecraft:lightning_rod":1,"minecraft:furnace":1,"minecraft:copper_ingot":3,"minecraft:bucket":1,"minecraft:bread":30,"minecraft:air":0,"minecraft:oak_trapdoor":4,"minecraft:jungle_planks":16,"minecraft:iron_axe":1,"minecraft:stick":8,"minecraft:iron_pickaxe":1,"minecraft:iron_shovel":1,"minecraft:stone_hoe":1,"minecraft:wheat":90}},"DataVersion":3465}