{"stats":{"minecraft:crafted":{"minecraft:oak_planks":4,"minecraft:crafting_table":1,"minecraft:stick":4,"minecraft:wooden_pickaxe":1,"minecraft:jungle_planks":8},"minecraft:used":{"minecraft:crafting_table":1,"minecraft:wooden_pickaxe":13},"minecraft:mined":{"minecraft:oak_log":1,"minecraft:melon":5,"minecraft:vine":1,"minecraft:jungle_log":2,"minecraft:stone":13,"minecraft:oak_leaves":1},"minecraft:picked_up":{"minecraft:jungle_log":2,"minecraft:oak_log":1,"minecraft:melon_slice":28,"minecraft:cobblestone":13},"minecraft:custom":{"minecraft:time_since_rest":6126,"minecraft:crouch_one_cm":722,"minecraft:play_time":6126,"minecraft:sprint_one_cm":5253,"minecraft:walk_one_cm":8149,"minecraft:sneak_time":346,"minecraft:walk_under_water_one_cm":2111,"minecraft:jump":75,"minecraft:leave_game":1,"minecraft:time_since_death":6126,"minecraft:walk_on_water_one_cm":643,"minecraft:total_world_time":6126,"minecraft:climb_one_cm":226,"minecraft:swim_one_cm":919,"minecraft:interact_with_crafting_table":2,"minecraft:fall_one_cm":2864,"minecraft:fly_one_cm":12910}},"DataVersion":4082}