{"stats":{"minecraft:custom":{"minecraft:interact_with_furnace":2,"minecraft:mob_kills":5,"minecraft:traded_with_villager":2,"minecraft:interact_with_crafting_table":20,"minecraft:leave_game":7,"minecraft:time_since_death":180510,"minecraft:sleep_in_bed":16,"minecraft:climb_one_cm":6371,"minecraft:time_since_rest":5351,"minecraft:sprint_one_cm":284027,"minecraft:damage_taken":1307,"minecraft:walk_one_cm":433618,"minecraft:drop":41,"minecraft:damage_dealt":4170,"minecraft:talked_to_villager":126,"minecraft:swim_one_cm":28757,"minecraft:fly_one_cm":759258,"minecraft:open_chest":14,"minecraft:crouch_one_cm":19545,"minecraft:play_time":180510,"minecraft:sneak_time":8469,"minecraft:walk_under_water_one_cm":9048,"minecraft:jump":3874,"minecraft:walk_on_water_one_cm":23610,"minecraft:total_world_time":180510,"minecraft:fall_one_cm":113588},"minecraft:mined":{"minecraft:smithing_table":1,"minecraft:oak_slab":28,"minecraft:white_bed":6,"minecraft:jungle_slab":2,"minecraft:jungle_leaves":5,"minecraft:dandelion":2,"minecraft:brewing_stand":1,"minecraft:crafting_table":5,"minecraft:grass_block":117,"minecraft:melon":14,"minecraft:jungle_planks":6,"minecraft:chest":1,"minecraft:jungle_log":8,"minecraft:lectern":1,"minecraft:copper_ore":6,"minecraft:tall_grass":18,"minecraft:cobblestone":18,"minecraft:spruce_leaves":24,"minecraft:composter":23,"minecraft:oak_planks":41,"minecraft:sugar_cane":12,"minecraft:hay_block":37,"minecraft:oak_trapdoor":1,"minecraft:furnace":1,"minecraft:carrots":3,"minecraft:wheat":4,"minecraft:fire":1,"minecraft:spruce_log":130,"minecraft:birch_leaves":1,"minecraft:pumpkin":3,"minecraft:yellow_bed":17,"minecraft:gold_block":1,"minecraft:grass":42,"minecraft:oak_log":67,"minecraft:coal_ore":45,"minecraft:vine":1,"minecraft:sand":75,"minecraft:dirt":55,"minecraft:stone":34,"minecraft:netherrack":1,"minecraft:white_wool":1,"minecraft:oak_leaves":28},"minecraft:used":{"minecraft:wheat_seeds":16,"minecraft:oak_trapdoor":4,"minecraft:water_bucket":28,"minecraft:iron_shovel":262,"minecraft:oak_planks":135,"minecraft:poppy":3,"minecraft:chest":2,"minecraft:composter":27,"minecraft:sugar_cane":29,"minecraft:stone_hoe":111,"minecraft:netherrack":1,"minecraft:white_wool":1,"minecraft:dirt":159,"minecraft:sand":33,"minecraft:golden_hoe":32,"minecraft:crafting_table":7,"minecraft:oak_slab":118,"minecraft:carrot":67,"minecraft:jungle_planks":7,"minecraft:jungle_slab":10,"minecraft:white_bed":6,"minecraft:lightning_rod":1,"minecraft:iron_hoe":30,"minecraft:bread":41,"minecraft:iron_axe":400,"minecraft:iron_pickaxe":92,"minecraft:jungle_log":4,"minecraft:iron_boots":1,"minecraft:spruce_sapling":9,"minecraft:melon_seeds":2,"minecraft:fire_charge":1,"minecraft:cobblestone":35,"minecraft:furnace":1,"minecraft:oak_sapling":4,"minecraft:bucket":29,"minecraft:yellow_bed":17,"minecraft:egg":4,"minecraft:bone_meal":318,"minecraft:dandelion":2,"minecraft:golden_pickaxe":19,"minecraft:iron_leggings":1},"minecraft:picked_up":{"minecraft:wheat":166,"minecraft:crafting_table":5,"minecraft:jungle_log":8,"minecraft:smithing_table":1,"minecraft:gold_block":1,"minecraft:oak_log":67,"minecraft:brewing_stand":1,"minecraft:yellow_bed":17,"minecraft:oak_trapdoor":1,"minecraft:dirt":162,"minecraft:raw_copper":25,"minecraft:apple":5,"minecraft:wheat_seeds":16,"minecraft:iron_ingot":18,"minecraft:poppy":3,"minecraft:lectern":1,"minecraft:melon_slice":63,"minecraft:sugar_cane":29,"minecraft:chest":2,"minecraft:oak_planks":42,"minecraft:egg":4,"minecraft:furnace":1,"minecraft:oak_slab":32,"minecraft:stick":17,"minecraft:pumpkin":3,"minecraft:composter":23,"minecraft:dandelion":2,"minecraft:jungle_planks":6,"minecraft:sand":75,"minecraft:spruce_sapling":11,"minecraft:carrot":11,"minecraft:white_bed":7,"minecraft:spruce_log":129,"minecraft:jungle_slab":4,"minecraft:rotten_flesh":1,"minecraft:hay_block":37,"minecraft:bread":15,"minecraft:oak_sapling":17,"minecraft:netherrack":1,"minecraft:mutton":5,"minecraft:coal":87,"minecraft:white_wool":5,"minecraft:cobblestone":51},"minecraft:dropped":{"minecraft:stone_hoe":1,"minecraft:bread":79,"minecraft:wheat":171,"minecraft:feather":1,"minecraft:rotten_flesh":1,"minecraft:oak_planks":1,"minecraft:white_bed":1,"minecraft:carrot":8,"minecraft:poppy":1,"minecraft:chest":1,"minecraft:iron_axe":1,"minecraft:iron_shovel":1},"minecraft:killed":{"minecraft:iron_golem":4,"minecraft:zombie":1},"minecraft:crafted":{"minecraft:oak_slab":102,"minecraft:oak_planks":172,"minecraft:crafting_table":2,"minecraft:lightning_rod":1,"minecraft:furnace":1,"minecraft:copper_ingot":3,"minecraft:bucket":1,"minecraft:jungle_slab":18,"minecraft:bread":111,"minecraft:air":0,"minecraft:oak_trapdoor":4,"minecraft:jungle_planks":16,"minecraft:melon_seeds":2,"minecraft:iron_hoe":1,"minecraft:iron_axe":2,"minecraft:stick":8,"minecraft:iron_pickaxe":1,"minecraft:chest":1,"minecraft:iron_shovel":1,"minecraft:composter":4,"minecraft:stone_hoe":1,"minecraft:wheat":277},"minecraft:broken":{"minecraft:golden_hoe":1}},"DataVersion":3465}