{"stats":{"minecraft:custom":{"minecraft:mob_kills":38,"minecraft:interact_with_crafting_table":71,"minecraft:leave_game":25,"minecraft:time_since_death":13003,"minecraft:climb_one_cm":21525,"minecraft:sprint_one_cm":1102742,"minecraft:walk_one_cm":1785451,"minecraft:drop":126,"minecraft:talked_to_villager":208,"minecraft:play_time":760213,"minecraft:deaths":3,"minecraft:sneak_time":68020,"minecraft:walk_under_water_one_cm":23462,"minecraft:jump":13506,"minecraft:walk_on_water_one_cm":66667,"minecraft:total_world_time":760213,"minecraft:interact_with_furnace":30,"minecraft:traded_with_villager":405,"minecraft:interact_with_stonecutter":38,"minecraft:sleep_in_bed":52,"minecraft:time_since_rest":1142,"minecraft:damage_taken":5765,"minecraft:damage_dealt":11413,"minecraft:swim_one_cm":44123,"minecraft:fly_one_cm":2571406,"minecraft:open_chest":203,"minecraft:crouch_one_cm":217984,"minecraft:fall_one_cm":327047},"minecraft:mined":{"minecraft:nether_gold_ore":2,"minecraft:spruce_planks":50,"minecraft:white_bed":11,"minecraft:deepslate_diamond_ore":1,"minecraft:jungle_slab":2,"minecraft:cobblestone_stairs":13,"minecraft:jungle_leaves":5,"minecraft:brewing_stand":1,"minecraft:grass_block":942,"minecraft:jungle_planks":6,"minecraft:crimson_roots":1,"minecraft:jungle_log":8,"minecraft:spruce_leaves":43,"minecraft:composter":23,"minecraft:moss_block":1,"minecraft:sandstone":1,"minecraft:hay_block":37,"minecraft:weeping_vines_plant":1,"minecraft:redstone_ore":1,"minecraft:oak_trapdoor":1,"minecraft:spruce_sapling":11,"minecraft:furnace":1,"minecraft:carrots":3,"minecraft:iron_ore":66,"minecraft:fire":1,"minecraft:andesite":45,"minecraft:stripped_spruce_log":2,"minecraft:pumpkin":3,"minecraft:azure_bluet":1,"minecraft:gold_block":1,"minecraft:bookshelf":1,"minecraft:dirt_path":1,"minecraft:deepslate_iron_ore":26,"minecraft:cobblestone_slab":54,"minecraft:vine":1,"minecraft:rail":88,"minecraft:stone":1210,"minecraft:white_wool":1,"minecraft:podzol":2,"minecraft:smithing_table":1,"minecraft:deepslate_redstone_ore":1,"minecraft:oak_slab":28,"minecraft:soul_sand":132,"minecraft:crimson_nylium":17,"minecraft:dandelion":12,"minecraft:crafting_table":14,"minecraft:torch":1,"minecraft:poppy":3,"minecraft:melon":14,"minecraft:chest":1,"minecraft:lectern":2,"minecraft:nether_quartz_ore":15,"minecraft:tall_grass":50,"minecraft:copper_ore":7,"minecraft:cobblestone":50,"minecraft:lapis_ore":4,"minecraft:oak_planks":44,"minecraft:sugar_cane":271,"minecraft:cobblestone_wall":4,"minecraft:nether_wart_block":3,"minecraft:wheat":4,"minecraft:spruce_log":1396,"minecraft:birch_leaves":1,"minecraft:yellow_bed":17,"minecraft:grass":158,"minecraft:coal_ore":70,"minecraft:oak_log":71,"minecraft:gravel":1,"minecraft:sand":260,"minecraft:dirt":837,"minecraft:stonecutter":14,"minecraft:spruce_fence_gate":4,"minecraft:netherrack":942,"minecraft:oak_leaves":40,"minecraft:deepslate":3},"minecraft:killed":{"minecraft:spider":1,"minecraft:skeleton":7,"minecraft:piglin":1,"minecraft:zombie_villager":1,"minecraft:iron_golem":4,"minecraft:hoglin":1,"minecraft:zombie":20,"minecraft:villager":2},"minecraft:crafted":{"minecraft:oak_planks":176,"minecraft:cobblestone_slab":60,"minecraft:stone_shovel":2,"minecraft:lightning_rod":1,"minecraft:furnace":2,"minecraft:stone":3,"minecraft:cobblestone_stairs":17,"minecraft:diamond_shovel":6,"minecraft:bookshelf":1,"minecraft:cooked_mutton":5,"minecraft:oak_trapdoor":4,"minecraft:flint_and_steel":1,"minecraft:glass":75,"minecraft:lantern":9,"minecraft:iron_axe":11,"minecraft:iron_hoe":1,"minecraft:spruce_wood":12,"minecraft:ladder":12,"minecraft:melon_seeds":2,"minecraft:spruce_slab":12,"minecraft:chest":7,"minecraft:rail":80,"minecraft:stone_hoe":1,"minecraft:minecart":4,"minecraft:wheat":277,"minecraft:furnace_minecart":1,"minecraft:oak_slab":102,"minecraft:emerald":326,"minecraft:spruce_sign":9,"minecraft:crafting_table":3,"minecraft:spruce_planks":5332,"minecraft:smithing_table":1,"minecraft:copper_ingot":3,"minecraft:fletching_table":2,"minecraft:bucket":2,"minecraft:stone_axe":11,"minecraft:jungle_slab":18,"minecraft:bread":249,"minecraft:air":0,"minecraft:jungle_planks":16,"minecraft:spruce_trapdoor":4,"minecraft:paper":318,"minecraft:diamond_pickaxe":3,"minecraft:stick":9617,"minecraft:iron_ingot":105,"minecraft:compass":7,"minecraft:iron_pickaxe":1,"minecraft:iron_shovel":1,"minecraft:stonecutter":1,"minecraft:white_bed":24,"minecraft:composter":4,"minecraft:spruce_fence_gate":80,"minecraft:torch":20,"minecraft:shears":1},"minecraft:killed_by":{"minecraft:spider":1,"minecraft:zombie":1},"minecraft:broken":{"minecraft:golden_hoe":1,"minecraft:diamond_pickaxe":1,"minecraft:iron_axe":3,"minecraft:iron_pickaxe":1},"minecraft:dropped":{"minecraft:stone_hoe":1,"minecraft:bread":81,"minecraft:wheat_seeds":11,"minecraft:minecart":1,"minecraft:feather":1,"minecraft:stick":269,"minecraft:dirt":2,"minecraft:iron_axe":4,"minecraft:iron_shovel":1,"minecraft:stone_axe":11,"minecraft:wheat":171,"minecraft:stone_shovel":2,"minecraft:rotten_flesh":10,"minecraft:oak_planks":1,"minecraft:white_bed":1,"minecraft:carrot":8,"minecraft:poppy":1,"minecraft:spruce_planks":64,"minecraft:diamond_pickaxe":1,"minecraft:chest":1},"minecraft:used":{"minecraft:oak_trapdoor":4,"minecraft:flint_and_steel":1,"minecraft:iron_shovel":262,"minecraft:spruce_slab":8,"minecraft:stone_shovel":219,"minecraft:ladder":12,"minecraft:poppy":3,"minecraft:chest":8,"minecraft:spruce_planks":73,"minecraft:stone_hoe":111,"minecraft:netherrack":361,"minecraft:torch":6,"minecraft:soul_sand":8,"minecraft:dirt":862,"minecraft:jungle_planks":7,"minecraft:cobblestone_wall":196,"minecraft:carrot":67,"minecraft:jungle_slab":10,"minecraft:deepslate_brick_slab":4,"minecraft:furnace_minecart":3,"minecraft:glass":28,"minecraft:iron_hoe":30,"minecraft:lava_bucket":12,"minecraft:bookshelf":1,"minecraft:spruce_wood":9,"minecraft:lantern":9,"minecraft:iron_axe":2266,"minecraft:jungle_log":4,"minecraft:iron_boots":1,"minecraft:melon_seeds":2,"minecraft:furnace":2,"minecraft:oak_sapling":4,"minecraft:minecart":20,"minecraft:egg":5,"minecraft:iron_leggings":1,"minecraft:wheat_seeds":16,"minecraft:cooked_mutton":5,"minecraft:water_bucket":189,"minecraft:cobblestone_stairs":181,"minecraft:oak_planks":136,"minecraft:composter":27,"minecraft:spruce_sign":9,"minecraft:stonecutter":15,"minecraft:spruce_fence_gate":84,"minecraft:sugar_cane":67,"minecraft:fletching_table":2,"minecraft:cobblestone_slab":1247,"minecraft:white_wool":1,"minecraft:oak_slab":118,"minecraft:sand":34,"minecraft:golden_hoe":32,"minecraft:rail":129,"minecraft:crafting_table":17,"minecraft:white_bed":29,"minecraft:spruce_log":13,"minecraft:lightning_rod":1,"minecraft:diamond_pickaxe":2326,"minecraft:oxeye_daisy":2,"minecraft:diamond_shovel":1712,"minecraft:melon_slice":64,"minecraft:bread":134,"minecraft:string":2,"minecraft:iron_pickaxe":251,"minecraft:lectern":2,"minecraft:spruce_trapdoor":4,"minecraft:spruce_sapling":196,"minecraft:gravel":1,"minecraft:fire_charge":1,"minecraft:cobblestone":139,"minecraft:smithing_table":1,"minecraft:bucket":203,"minecraft:andesite":5,"minecraft:yellow_bed":17,"minecraft:golden_pickaxe":70,"minecraft:dandelion":9,"minecraft:bone_meal":318},"minecraft:picked_up":{"minecraft:crafting_table":15,"minecraft:wheat":166,"minecraft:azure_bluet":1,"minecraft:smithing_table":1,"minecraft:gold_block":1,"minecraft:brewing_stand":1,"minecraft:string":4,"minecraft:oak_trapdoor":1,"minecraft:raw_copper":29,"minecraft:iron_axe":2,"minecraft:gold_nugget":16,"minecraft:cobbled_deepslate":3,"minecraft:spruce_planks":231,"minecraft:cobblestone_slab":71,"minecraft:minecart":24,"minecraft:poppy":6,"minecraft:lectern":2,"minecraft:chest":2,"minecraft:melon_slice":63,"minecraft:sugar_cane":486,"minecraft:egg":5,"minecraft:furnace":1,"minecraft:raw_iron":105,"minecraft:stick":380,"minecraft:sandstone":1,"minecraft:composter":23,"minecraft:torch":1,"minecraft:porkchop":4,"minecraft:carrot":11,"minecraft:redstone":9,"minecraft:arrow":5,"minecraft:rotten_flesh":38,"minecraft:shears":1,"minecraft:hay_block":37,"minecraft:mutton":5,"minecraft:white_wool":114,"minecraft:rail":183,"minecraft:cobblestone":1429,"minecraft:oxeye_daisy":2,"minecraft:furnace_minecart":3,"minecraft:jungle_log":8,"minecraft:water_bucket":1,"minecraft:andesite":46,"minecraft:leather":1,"minecraft:oak_log":71,"minecraft:yellow_bed":17,"minecraft:nether_wart_block":3,"minecraft:cobblestone_wall":4,"minecraft:cobblestone_stairs":13,"minecraft:lapis_lazuli":21,"minecraft:dirt":1914,"minecraft:bone":9,"minecraft:glass":15,"minecraft:apple":5,"minecraft:stonecutter":14,"minecraft:bow":1,"minecraft:wheat_seeds":63,"minecraft:iron_ingot":31,"minecraft:moss_block":1,"minecraft:oak_planks":45,"minecraft:soul_sand":192,"minecraft:book":3,"minecraft:oak_slab":32,"minecraft:pumpkin":3,"minecraft:quartz":19,"minecraft:dandelion":15,"minecraft:gravel":1,"minecraft:jungle_planks":6,"minecraft:sand":333,"minecraft:stripped_spruce_log":2,"minecraft:spruce_sapling":196,"minecraft:white_bed":13,"minecraft:spruce_log":1394,"minecraft:jungle_slab":4,"minecraft:diamond_shovel":1,"minecraft:spruce_fence_gate":4,"minecraft:diamond":1,"minecraft:bread":31,"minecraft:oak_sapling":18,"minecraft:netherrack":883,"minecraft:coal":114,"minecraft:crimson_roots":5,"minecraft:diamond_pickaxe":2}},"DataVersion":3465}