{"stats":{"minecraft:dropped":{"minecraft:feather":1,"minecraft:rotten_flesh":1},"minecraft:picked_up":{"minecraft:crafting_table":5,"minecraft:jungle_log":8,"minecraft:smithing_table":1,"minecraft:gold_block":1,"minecraft:oak_log":67,"minecraft:brewing_stand":1,"minecraft:yellow_bed":8,"minecraft:dirt":87,"minecraft:raw_copper":25,"minecraft:apple":5,"minecraft:wheat_seeds":6,"minecraft:iron_ingot":13,"minecraft:poppy":1,"minecraft:lectern":1,"minecraft:chest":1,"minecraft:oak_planks":23,"minecraft:furnace":1,"minecraft:egg":2,"minecraft:oak_slab":10,"minecraft:stick":11,"minecraft:composter":7,"minecraft:sand":43,"minecraft:jungle_planks":6,"minecraft:white_bed":6,"minecraft:jungle_slab":4,"minecraft:rotten_flesh":1,"minecraft:hay_block":10,"minecraft:oak_sapling":17,"minecraft:mutton":5,"minecraft:netherrack":1,"minecraft:white_wool":4,"minecraft:coal":87,"minecraft:cobblestone":46},"minecraft:killed":{"minecraft:iron_golem":3,"minecraft:zombie":1},"minecraft:broken":{"minecraft:golden_hoe":1},"minecraft:mined":{"minecraft:smithing_table":1,"minecraft:oak_slab":7,"minecraft:white_bed":6,"minecraft:jungle_slab":2,"minecraft:jungle_leaves":4,"minecraft:brewing_stand":1,"minecraft:crafting_table":5,"minecraft:grass_block":83,"minecraft:jungle_planks":6,"minecraft:chest":1,"minecraft:jungle_log":8,"minecraft:lectern":1,"minecraft:tall_grass":1,"minecraft:copper_ore":6,"minecraft:cobblestone":13,"minecraft:composter":7,"minecraft:oak_planks":23,"minecraft:hay_block":10,"minecraft:furnace":1,"minecraft:wheat":2,"minecraft:yellow_bed":8,"minecraft:gold_block":1,"minecraft:grass":10,"minecraft:oak_log":67,"minecraft:coal_ore":45,"minecraft:vine":1,"minecraft:sand":43,"minecraft:dirt":5,"minecraft:stone":34,"minecraft:netherrack":1,"minecraft:oak_leaves":23},"minecraft:custom":{"minecraft:interact_with_furnace":2,"minecraft:mob_kills":4,"minecraft:traded_with_villager":1,"minecraft:interact_with_crafting_table":14,"minecraft:leave_game":3,"minecraft:time_since_death":78636,"minecraft:sleep_in_bed":6,"minecraft:climb_one_cm":1980,"minecraft:time_since_rest":3071,"minecraft:sprint_one_cm":111651,"minecraft:damage_taken":362,"minecraft:walk_one_cm":218564,"minecraft:drop":2,"minecraft:damage_dealt":3170,"minecraft:swim_one_cm":6721,"minecraft:talked_to_villager":12,"minecraft:fly_one_cm":274354,"minecraft:open_chest":5,"minecraft:crouch_one_cm":12030,"minecraft:play_time":78636,"minecraft:sneak_time":4289,"minecraft:walk_under_water_one_cm":5990,"minecraft:jump":1437,"minecraft:walk_on_water_one_cm":4524,"minecraft:total_world_time":78636,"minecraft:fall_one_cm":39912},"minecraft:used":{"minecraft:wheat_seeds":6,"minecraft:oak_trapdoor":3,"minecraft:water_bucket":4,"minecraft:iron_shovel":119,"minecraft:poppy":2,"minecraft:oak_planks":121,"minecraft:composter":11,"minecraft:stone_hoe":77,"minecraft:netherrack":1,"minecraft:golden_hoe":32,"minecraft:dirt":87,"minecraft:sand":1,"minecraft:oak_slab":96,"minecraft:crafting_table":5,"minecraft:jungle_planks":6,"minecraft:jungle_slab":10,"minecraft:white_bed":5,"minecraft:lightning_rod":1,"minecraft:iron_axe":172,"minecraft:bread":13,"minecraft:iron_pickaxe":86,"minecraft:jungle_log":4,"minecraft:iron_boots":1,"minecraft:cobblestone":33,"minecraft:oak_sapling":4,"minecraft:furnace":1,"minecraft:bucket":5,"minecraft:yellow_bed":6,"minecraft:egg":2,"minecraft:golden_pickaxe":19,"minecraft:iron_leggings":1},"minecraft:crafted":{"minecraft:oak_slab":102,"minecraft:oak_planks":168,"minecraft:crafting_table":1,"minecraft:lightning_rod":1,"minecraft:furnace":1,"minecraft:copper_ingot":3,"minecraft:bucket":1,"minecraft:jungle_slab":18,"minecraft:bread":30,"minecraft:air":0,"minecraft:oak_trapdoor":4,"minecraft:jungle_planks":16,"minecraft:iron_axe":1,"minecraft:stick":8,"minecraft:iron_pickaxe":1,"minecraft:iron_shovel":1,"minecraft:composter":4,"minecraft:stone_hoe":1,"minecraft:wheat":90}},"DataVersion":3465}