{"stats":{"minecraft:crafted":{"minecraft:oak_planks":108,"minecraft:redstone":189,"minecraft:furnace":1,"minecraft:yellow_bed":1,"minecraft:iron_axe":2,"minecraft:ladder":57,"minecraft:chest":2,"minecraft:redstone_block":51,"minecraft:red_dye":1,"minecraft:crafting_table":1,"minecraft:air":0,"minecraft:oak_boat":1,"minecraft:yellow_dye":1,"minecraft:shield":2,"minecraft:stick":64,"minecraft:iron_ingot":107,"minecraft:iron_pickaxe":1,"minecraft:gold_ingot":28,"minecraft:iron_shovel":1,"minecraft:iron_leggings":2,"minecraft:light_gray_dye":1,"minecraft:white_bed":2,"minecraft:torch":12},"minecraft:used":{"minecraft:stone_sword":1,"minecraft:iron_shovel":3,"minecraft:redstone":1,"minecraft:ladder":47,"minecraft:chest":3,"minecraft:shield":131,"minecraft:cooked_chicken":2,"minecraft:rotten_flesh":53,"minecraft:iron_chestplate":2,"minecraft:torch":211,"minecraft:dirt":114,"minecraft:tuff":11,"minecraft:lava_bucket":8,"minecraft:iron_axe":430,"minecraft:iron_helmet":2,"minecraft:iron_boots":2,"minecraft:smooth_basalt":7,"minecraft:bow":4,"minecraft:oak_sapling":18,"minecraft:furnace":5,"minecraft:cooked_cod":5,"minecraft:egg":3,"minecraft:cobbled_deepslate":69,"minecraft:iron_leggings":1,"minecraft:calcite":114,"minecraft:cooked_mutton":9,"minecraft:water_bucket":31,"minecraft:diorite":2,"minecraft:stone_pickaxe":202,"minecraft:oak_planks":25,"minecraft:sugar_cane":58,"minecraft:crafting_table":9,"minecraft:white_bed":7,"minecraft:oak_log":1,"minecraft:diamond_pickaxe":1262,"minecraft:bread":1,"minecraft:string":2,"minecraft:iron_pickaxe":641,"minecraft:stone_axe":33,"minecraft:cobblestone":57,"minecraft:white_banner":2,"minecraft:cooked_porkchop":5,"minecraft:andesite":22,"minecraft:bucket":49,"minecraft:yellow_bed":1},"minecraft:mined":{"minecraft:large_amethyst_bud":3,"minecraft:tuff":26,"minecraft:white_bed":6,"minecraft:mossy_cobblestone":2,"minecraft:deepslate_diamond_ore":31,"minecraft:obsidian":38,"minecraft:granite":3,"minecraft:budding_amethyst":1,"minecraft:grass_block":76,"minecraft:redstone_wire":1,"minecraft:oxeye_daisy":1,"minecraft:magma_block":3,"minecraft:redstone_ore":12,"minecraft:furnace":4,"minecraft:iron_ore":169,"minecraft:cobbled_deepslate":41,"minecraft:andesite":20,"minecraft:pumpkin":14,"minecraft:deepslate_lapis_ore":4,"minecraft:deepslate_iron_ore":83,"minecraft:white_banner":1,"minecraft:stone":288,"minecraft:tripwire":2,"minecraft:deepslate_redstone_ore":28,"minecraft:medium_amethyst_bud":1,"minecraft:amethyst_cluster":10,"minecraft:dandelion":1,"minecraft:clay":20,"minecraft:crafting_table":9,"minecraft:torch":27,"minecraft:short_grass":23,"minecraft:calcite":210,"minecraft:poppy":1,"minecraft:chest":1,"minecraft:tall_grass":4,"minecraft:copper_ore":12,"minecraft:cobblestone":16,"minecraft:deepslate_gold_ore":35,"minecraft:sugar_cane":41,"minecraft:oak_planks":8,"minecraft:diorite":13,"minecraft:wall_torch":5,"minecraft:amethyst_block":713,"minecraft:oak_log":102,"minecraft:coal_ore":86,"minecraft:gravel":9,"minecraft:sand":3,"minecraft:dirt":8,"minecraft:smooth_basalt":13,"minecraft:gold_ore":11,"minecraft:oak_leaves":35,"minecraft:deepslate":205},"minecraft:killed_by":{"minecraft:player":1,"minecraft:skeleton":2,"minecraft:zombie":2},"minecraft:killed":{"minecraft:spider":15,"minecraft:skeleton":34,"minecraft:chicken":1,"minecraft:creeper":7,"minecraft:sheep":5,"minecraft:pillager":1,"minecraft:zombie":46},"minecraft:custom":{"minecraft:mob_kills":112,"minecraft:interact_with_crafting_table":26,"minecraft:leave_game":20,"minecraft:time_since_death":23067,"minecraft:climb_one_cm":12997,"minecraft:sprint_one_cm":467311,"minecraft:walk_one_cm":1056039,"minecraft:damage_blocked_by_shield":3272,"minecraft:drop":119,"minecraft:play_time":519543,"minecraft:deaths":12,"minecraft:sneak_time":50319,"minecraft:walk_under_water_one_cm":59535,"minecraft:jump":7324,"minecraft:walk_on_water_one_cm":58552,"minecraft:total_world_time":519543,"minecraft:interact_with_furnace":83,"minecraft:sleep_in_bed":17,"minecraft:time_since_rest":9974,"minecraft:damage_taken":5206,"minecraft:damage_dealt":20200,"minecraft:player_kills":3,"minecraft:swim_one_cm":32330,"minecraft:fly_one_cm":1178695,"minecraft:open_chest":130,"minecraft:crouch_one_cm":88212,"minecraft:fall_one_cm":205853},"minecraft:broken":{"minecraft:stone_pickaxe":1,"minecraft:iron_axe":2,"minecraft:iron_pickaxe":3},"minecraft:picked_up":{"minecraft:iron_chestplate":1,"minecraft:charcoal":9,"minecraft:crafting_table":9,"minecraft:ominous_bottle":1,"minecraft:chicken":1,"minecraft:ladder":1,"minecraft:clay_ball":28,"minecraft:amethyst_block":567,"minecraft:string":13,"minecraft:raw_copper":30,"minecraft:iron_axe":1,"minecraft:cobbled_deepslate":255,"minecraft:bucket":6,"minecraft:oak_boat":1,"minecraft:calcite":257,"minecraft:poppy":1,"minecraft:iron_pickaxe":1,"minecraft:sugar_cane":58,"minecraft:chest":1,"minecraft:furnace":5,"minecraft:iron_boots":1,"minecraft:egg":5,"minecraft:stick":73,"minecraft:raw_iron":242,"minecraft:torch":202,"minecraft:diorite":13,"minecraft:redstone":185,"minecraft:arrow":28,"minecraft:rotten_flesh":35,"minecraft:obsidian":39,"minecraft:mutton":7,"minecraft:white_wool":6,"minecraft:cobblestone":271,"minecraft:oxeye_daisy":1,"minecraft:magma_block":3,"minecraft:andesite":23,"minecraft:leather":2,"minecraft:filled_map":1,"minecraft:flint":1,"minecraft:tuff":27,"minecraft:oak_log":102,"minecraft:gunpowder":7,"minecraft:lapis_lazuli":32,"minecraft:dirt":114,"minecraft:white_banner":2,"minecraft:cooked_mutton":9,"minecraft:bone":26,"minecraft:apple":3,"minecraft:bow":3,"minecraft:wheat_seeds":3,"minecraft:raw_gold":47,"minecraft:stone_pickaxe":3,"minecraft:iron_ingot":1,"minecraft:cooked_chicken":2,"minecraft:iron_sword":2,"minecraft:oak_planks":60,"minecraft:smooth_basalt":13,"minecraft:pumpkin":14,"minecraft:dandelion":2,"minecraft:gravel":22,"minecraft:sand":25,"minecraft:amethyst_shard":36,"minecraft:white_bed":6,"minecraft:spider_eye":5,"minecraft:mossy_cobblestone":2,"minecraft:diamond":31,"minecraft:stone_axe":1,"minecraft:iron_helmet":1,"minecraft:granite":4,"minecraft:bread":1,"minecraft:oak_sapling":20,"minecraft:coal":87,"minecraft:diamond_pickaxe":2},"minecraft:dropped":{"minecraft:bread":1,"minecraft:iron_sword":2,"minecraft:wheat_seeds":1,"minecraft:lapis_lazuli":32,"minecraft:oak_log":70,"minecraft:cobblestone":23,"minecraft:amethyst_block":110,"minecraft:coal":41,"minecraft:stick":2,"minecraft:lava_bucket":5,"minecraft:torch":38,"minecraft:iron_leggings":1,"minecraft:amethyst_shard":12,"minecraft:redstone":45,"minecraft:bone":3,"minecraft:cobbled_deepslate":64,"minecraft:tuff":14,"minecraft:raw_iron":44,"minecraft:clay_ball":28,"minecraft:oak_planks":29,"minecraft:filled_map":3,"minecraft:shield":1,"minecraft:diamond_pickaxe":1,"minecraft:charcoal":9,"minecraft:oak_boat":2,"minecraft:ladder":1,"minecraft:bow":1,"minecraft:arrow":2,"minecraft:raw_gold":6,"minecraft:calcite":50,"minecraft:egg":2}},"DataVersion":4082}