{"stats":{"minecraft:custom":{"minecraft:mob_kills":75,"minecraft:interact_with_crafting_table":22,"minecraft:leave_game":17,"minecraft:time_since_death":19360,"minecraft:climb_one_cm":12997,"minecraft:sprint_one_cm":377112,"minecraft:walk_one_cm":789487,"minecraft:damage_blocked_by_shield":1296,"minecraft:drop":98,"minecraft:play_time":356827,"minecraft:deaths":9,"minecraft:sneak_time":36762,"minecraft:walk_under_water_one_cm":17923,"minecraft:jump":5520,"minecraft:walk_on_water_one_cm":15933,"minecraft:total_world_time":356827,"minecraft:interact_with_furnace":74,"minecraft:sleep_in_bed":14,"minecraft:time_since_rest":19229,"minecraft:damage_taken":4184,"minecraft:damage_dealt":13402,"minecraft:swim_one_cm":31033,"minecraft:fly_one_cm":805723,"minecraft:open_chest":96,"minecraft:crouch_one_cm":69967,"minecraft:fall_one_cm":168435},"minecraft:killed_by":{"minecraft:player":1,"minecraft:skeleton":2},"minecraft:picked_up":{"minecraft:charcoal":9,"minecraft:iron_chestplate":1,"minecraft:crafting_table":9,"minecraft:clay_ball":28,"minecraft:chicken":1,"minecraft:ladder":1,"minecraft:amethyst_block":457,"minecraft:string":11,"minecraft:iron_axe":1,"minecraft:raw_copper":30,"minecraft:cobbled_deepslate":90,"minecraft:bucket":1,"minecraft:oak_boat":1,"minecraft:calcite":161,"minecraft:poppy":1,"minecraft:iron_pickaxe":1,"minecraft:sugar_cane":58,"minecraft:chest":1,"minecraft:egg":5,"minecraft:iron_boots":1,"minecraft:furnace":5,"minecraft:stick":73,"minecraft:raw_iron":193,"minecraft:torch":124,"minecraft:diorite":13,"minecraft:redstone":74,"minecraft:arrow":22,"minecraft:rotten_flesh":24,"minecraft:mutton":7,"minecraft:white_wool":6,"minecraft:cobblestone":240,"minecraft:oxeye_daisy":1,"minecraft:andesite":21,"minecraft:leather":2,"minecraft:filled_map":1,"minecraft:oak_log":102,"minecraft:gunpowder":4,"minecraft:dirt":110,"minecraft:cooked_mutton":7,"minecraft:bone":21,"minecraft:apple":3,"minecraft:bow":2,"minecraft:wheat_seeds":3,"minecraft:raw_gold":24,"minecraft:stone_pickaxe":3,"minecraft:iron_ingot":1,"minecraft:oak_planks":60,"minecraft:iron_sword":2,"minecraft:smooth_basalt":6,"minecraft:pumpkin":14,"minecraft:dandelion":2,"minecraft:gravel":6,"minecraft:sand":25,"minecraft:amethyst_shard":24,"minecraft:white_bed":6,"minecraft:spider_eye":5,"minecraft:diamond":11,"minecraft:stone_axe":1,"minecraft:iron_helmet":1,"minecraft:granite":2,"minecraft:oak_sapling":20,"minecraft:coal":82,"minecraft:diamond_pickaxe":1},"minecraft:broken":{"minecraft:stone_pickaxe":1,"minecraft:iron_axe":2,"minecraft:iron_pickaxe":3},"minecraft:dropped":{"minecraft:iron_sword":2,"minecraft:wheat_seeds":1,"minecraft:oak_log":70,"minecraft:cobblestone":15,"minecraft:coal":29,"minecraft:stick":2,"minecraft:lava_bucket":2,"minecraft:torch":38,"minecraft:iron_leggings":1,"minecraft:raw_iron":33,"minecraft:clay_ball":28,"minecraft:oak_planks":29,"minecraft:filled_map":3,"minecraft:shield":1,"minecraft:charcoal":9,"minecraft:ladder":1,"minecraft:oak_boat":2,"minecraft:egg":2},"minecraft:crafted":{"minecraft:oak_planks":108,"minecraft:furnace":1,"minecraft:yellow_bed":1,"minecraft:iron_axe":1,"minecraft:ladder":57,"minecraft:chest":2,"minecraft:red_dye":1,"minecraft:crafting_table":1,"minecraft:air":0,"minecraft:oak_boat":1,"minecraft:yellow_dye":1,"minecraft:shield":2,"minecraft:stick":64,"minecraft:iron_ingot":94,"minecraft:iron_pickaxe":1,"minecraft:iron_shovel":1,"minecraft:iron_leggings":2,"minecraft:light_gray_dye":1,"minecraft:white_bed":2,"minecraft:torch":12},"minecraft:mined":{"minecraft:large_amethyst_bud":3,"minecraft:white_bed":6,"minecraft:deepslate_diamond_ore":11,"minecraft:budding_amethyst":1,"minecraft:granite":1,"minecraft:grass_block":74,"minecraft:oxeye_daisy":1,"minecraft:furnace":4,"minecraft:iron_ore":128,"minecraft:cobbled_deepslate":30,"minecraft:andesite":18,"minecraft:pumpkin":14,"minecraft:deepslate_iron_ore":75,"minecraft:stone":259,"minecraft:tripwire":2,"minecraft:deepslate_redstone_ore":16,"minecraft:medium_amethyst_bud":1,"minecraft:amethyst_cluster":6,"minecraft:dandelion":1,"minecraft:clay":20,"minecraft:crafting_table":9,"minecraft:torch":20,"minecraft:short_grass":21,"minecraft:calcite":168,"minecraft:poppy":1,"minecraft:chest":1,"minecraft:tall_grass":2,"minecraft:copper_ore":12,"minecraft:cobblestone":12,"minecraft:deepslate_gold_ore":23,"minecraft:sugar_cane":41,"minecraft:oak_planks":8,"minecraft:diorite":13,"minecraft:wall_torch":2,"minecraft:amethyst_block":520,"minecraft:oak_log":102,"minecraft:coal_ore":81,"minecraft:gravel":6,"minecraft:sand":3,"minecraft:dirt":6,"minecraft:smooth_basalt":6,"minecraft:gold_ore":1,"minecraft:oak_leaves":35,"minecraft:deepslate":49},"minecraft:used":{"minecraft:stone_sword":1,"minecraft:ladder":47,"minecraft:chest":3,"minecraft:shield":52,"minecraft:rotten_flesh":35,"minecraft:iron_chestplate":2,"minecraft:torch":115,"minecraft:dirt":110,"minecraft:lava_bucket":7,"minecraft:iron_axe":319,"minecraft:iron_helmet":2,"minecraft:iron_boots":2,"minecraft:furnace":5,"minecraft:oak_sapling":18,"minecraft:cooked_cod":5,"minecraft:egg":3,"minecraft:cobbled_deepslate":33,"minecraft:iron_leggings":1,"minecraft:calcite":62,"minecraft:cooked_mutton":7,"minecraft:water_bucket":4,"minecraft:diorite":2,"minecraft:stone_pickaxe":202,"minecraft:oak_planks":25,"minecraft:sugar_cane":58,"minecraft:crafting_table":9,"minecraft:white_bed":7,"minecraft:oak_log":1,"minecraft:diamond_pickaxe":613,"minecraft:string":2,"minecraft:iron_pickaxe":641,"minecraft:stone_axe":33,"minecraft:cobblestone":41,"minecraft:cooked_porkchop":5,"minecraft:bucket":14,"minecraft:andesite":20,"minecraft:yellow_bed":1},"minecraft:killed":{"minecraft:spider":10,"minecraft:skeleton":20,"minecraft:chicken":1,"minecraft:creeper":5,"minecraft:sheep":5,"minecraft:zombie":31}},"DataVersion":4082}