{"stats":{"minecraft:custom":{"minecraft:interact_with_furnace":31,"minecraft:mob_kills":12,"minecraft:interact_with_crafting_table":7,"minecraft:leave_game":8,"minecraft:time_since_death":70775,"minecraft:sleep_in_bed":7,"minecraft:climb_one_cm":286,"minecraft:time_since_rest":10230,"minecraft:sprint_one_cm":163252,"minecraft:damage_taken":1810,"minecraft:walk_one_cm":293390,"minecraft:drop":61,"minecraft:damage_dealt":2195,"minecraft:swim_one_cm":21524,"minecraft:fly_one_cm":310711,"minecraft:open_chest":22,"minecraft:crouch_one_cm":21444,"minecraft:play_time":146765,"minecraft:sneak_time":11528,"minecraft:deaths":5,"minecraft:walk_under_water_one_cm":4376,"minecraft:jump":2260,"minecraft:walk_on_water_one_cm":6274,"minecraft:total_world_time":146765,"minecraft:fall_one_cm":88824},"minecraft:crafted":{"minecraft:red_dye":1,"minecraft:oak_planks":40,"minecraft:yellow_bed":1,"minecraft:yellow_dye":1,"minecraft:chest":2,"minecraft:light_gray_dye":1,"minecraft:white_bed":2},"minecraft:used":{"minecraft:cooked_mutton":3,"minecraft:stone_pickaxe":202,"minecraft:oak_planks":19,"minecraft:chest":2,"minecraft:sugar_cane":10,"minecraft:rotten_flesh":3,"minecraft:iron_chestplate":1,"minecraft:torch":33,"minecraft:dirt":80,"minecraft:crafting_table":3,"minecraft:white_bed":5,"minecraft:oak_log":1,"minecraft:iron_axe":33,"minecraft:iron_pickaxe":23,"minecraft:iron_helmet":1,"minecraft:iron_boots":1,"minecraft:stone_axe":33,"minecraft:cobblestone":3,"minecraft:furnace":2,"minecraft:oak_sapling":8,"minecraft:cooked_cod":5,"minecraft:bucket":1,"minecraft:yellow_bed":1,"minecraft:egg":1,"minecraft:cobbled_deepslate":32},"minecraft:killed_by":{"minecraft:skeleton":1},"minecraft:killed":{"minecraft:spider":1,"minecraft:creeper":2,"minecraft:sheep":5,"minecraft:skeleton":1,"minecraft:zombie":2},"minecraft:broken":{"minecraft:stone_pickaxe":1},"minecraft:dropped":{"minecraft:oak_log":6,"minecraft:raw_iron":33,"minecraft:cobblestone":15,"minecraft:coal":22,"minecraft:stick":2,"minecraft:filled_map":1,"minecraft:lava_bucket":1,"minecraft:egg":2},"minecraft:mined":{"minecraft:white_bed":4,"minecraft:dandelion":1,"minecraft:crafting_table":3,"minecraft:torch":14,"minecraft:granite":1,"minecraft:short_grass":18,"minecraft:grass_block":46,"minecraft:poppy":1,"minecraft:tall_grass":2,"minecraft:sugar_cane":3,"minecraft:deepslate_gold_ore":17,"minecraft:oak_planks":4,"minecraft:oxeye_daisy":1,"minecraft:wall_torch":2,"minecraft:furnace":1,"minecraft:iron_ore":7,"minecraft:cobbled_deepslate":10,"minecraft:pumpkin":14,"minecraft:oak_log":21,"minecraft:coal_ore":22,"minecraft:deepslate_iron_ore":54,"minecraft:gravel":2,"minecraft:sand":3,"minecraft:dirt":5,"minecraft:stone":67,"minecraft:deepslate":37},"minecraft:picked_up":{"minecraft:iron_chestplate":1,"minecraft:crafting_table":3,"minecraft:leather":2,"minecraft:oak_log":21,"minecraft:gunpowder":2,"minecraft:dirt":80,"minecraft:iron_axe":1,"minecraft:cooked_mutton":3,"minecraft:apple":1,"minecraft:bow":1,"minecraft:wheat_seeds":2,"minecraft:cobbled_deepslate":49,"minecraft:raw_gold":17,"minecraft:bucket":1,"minecraft:stone_pickaxe":3,"minecraft:poppy":1,"minecraft:iron_pickaxe":1,"minecraft:sugar_cane":10,"minecraft:oak_planks":4,"minecraft:egg":3,"minecraft:iron_boots":1,"minecraft:furnace":2,"minecraft:raw_iron":57,"minecraft:stick":3,"minecraft:pumpkin":14,"minecraft:torch":55,"minecraft:dandelion":2,"minecraft:gravel":2,"minecraft:sand":25,"minecraft:white_bed":4,"minecraft:arrow":2,"minecraft:rotten_flesh":3,"minecraft:stone_axe":1,"minecraft:iron_helmet":1,"minecraft:granite":1,"minecraft:oak_sapling":8,"minecraft:mutton":7,"minecraft:coal":22,"minecraft:white_wool":6,"minecraft:cobblestone":58,"minecraft:oxeye_daisy":1}},"DataVersion":4082}