{"stats":{"minecraft:custom":{"minecraft:mob_kills":6,"minecraft:interact_with_crafting_table":31,"minecraft:leave_game":9,"minecraft:time_since_death":224076,"minecraft:climb_one_cm":6371,"minecraft:sprint_one_cm":342604,"minecraft:walk_one_cm":548666,"minecraft:drop":43,"minecraft:talked_to_villager":128,"minecraft:play_time":224076,"minecraft:sneak_time":8932,"minecraft:walk_under_water_one_cm":9146,"minecraft:jump":4631,"minecraft:walk_on_water_one_cm":24608,"minecraft:total_world_time":224076,"minecraft:interact_with_furnace":2,"minecraft:traded_with_villager":5,"minecraft:sleep_in_bed":19,"minecraft:time_since_rest":12145,"minecraft:damage_taken":1447,"minecraft:damage_dealt":4460,"minecraft:swim_one_cm":33571,"minecraft:fly_one_cm":922941,"minecraft:open_chest":44,"minecraft:crouch_one_cm":21410,"minecraft:fall_one_cm":131244},"minecraft:crafted":{"minecraft:oak_planks":172,"minecraft:stone_shovel":2,"minecraft:lightning_rod":1,"minecraft:furnace":1,"minecraft:oak_trapdoor":4,"minecraft:iron_axe":3,"minecraft:spruce_wood":12,"minecraft:melon_seeds":2,"minecraft:iron_hoe":1,"minecraft:chest":2,"minecraft:rail":16,"minecraft:stone_hoe":1,"minecraft:wheat":277,"minecraft:oak_slab":102,"minecraft:emerald":2,"minecraft:crafting_table":2,"minecraft:spruce_planks":44,"minecraft:copper_ingot":3,"minecraft:bucket":1,"minecraft:jungle_slab":18,"minecraft:bread":111,"minecraft:air":0,"minecraft:jungle_planks":16,"minecraft:spruce_trapdoor":4,"minecraft:stick":8,"minecraft:iron_pickaxe":1,"minecraft:iron_shovel":1,"minecraft:composter":4},"minecraft:killed":{"minecraft:iron_golem":4,"minecraft:zombie":2},"minecraft:broken":{"minecraft:golden_hoe":1},"minecraft:mined":{"minecraft:spruce_planks":2,"minecraft:white_bed":6,"minecraft:jungle_slab":2,"minecraft:jungle_leaves":5,"minecraft:brewing_stand":1,"minecraft:grass_block":253,"minecraft:jungle_planks":6,"minecraft:jungle_log":8,"minecraft:spruce_leaves":24,"minecraft:composter":23,"minecraft:hay_block":37,"minecraft:oak_trapdoor":1,"minecraft:furnace":1,"minecraft:carrots":3,"minecraft:iron_ore":1,"minecraft:fire":1,"minecraft:andesite":44,"minecraft:pumpkin":3,"minecraft:gold_block":1,"minecraft:vine":1,"minecraft:stone":71,"minecraft:white_wool":1,"minecraft:smithing_table":1,"minecraft:oak_slab":28,"minecraft:dandelion":2,"minecraft:crafting_table":6,"minecraft:torch":1,"minecraft:melon":14,"minecraft:chest":1,"minecraft:lectern":1,"minecraft:tall_grass":18,"minecraft:copper_ore":6,"minecraft:cobblestone":18,"minecraft:sugar_cane":74,"minecraft:oak_planks":43,"minecraft:wheat":4,"minecraft:spruce_log":189,"minecraft:birch_leaves":1,"minecraft:yellow_bed":17,"minecraft:grass":48,"minecraft:coal_ore":45,"minecraft:oak_log":67,"minecraft:sand":75,"minecraft:dirt":163,"minecraft:netherrack":1,"minecraft:oak_leaves":28},"minecraft:dropped":{"minecraft:stone_hoe":1,"minecraft:bread":79,"minecraft:feather":1,"minecraft:iron_axe":2,"minecraft:iron_shovel":1,"minecraft:wheat":171,"minecraft:stone_shovel":1,"minecraft:rotten_flesh":1,"minecraft:oak_planks":1,"minecraft:white_bed":1,"minecraft:carrot":8,"minecraft:poppy":1,"minecraft:chest":1},"minecraft:picked_up":{"minecraft:crafting_table":6,"minecraft:wheat":166,"minecraft:smithing_table":1,"minecraft:gold_block":1,"minecraft:brewing_stand":1,"minecraft:string":2,"minecraft:oak_trapdoor":1,"minecraft:raw_copper":25,"minecraft:spruce_planks":2,"minecraft:poppy":3,"minecraft:lectern":1,"minecraft:melon_slice":63,"minecraft:sugar_cane":98,"minecraft:chest":2,"minecraft:furnace":1,"minecraft:egg":4,"minecraft:stick":19,"minecraft:raw_iron":1,"minecraft:composter":23,"minecraft:torch":1,"minecraft:carrot":11,"minecraft:rotten_flesh":1,"minecraft:hay_block":37,"minecraft:mutton":5,"minecraft:white_wool":5,"minecraft:rail":8,"minecraft:cobblestone":88,"minecraft:andesite":44,"minecraft:jungle_log":8,"minecraft:oak_log":67,"minecraft:yellow_bed":17,"minecraft:dirt":406,"minecraft:apple":5,"minecraft:wheat_seeds":21,"minecraft:iron_ingot":18,"minecraft:oak_planks":44,"minecraft:oak_slab":32,"minecraft:pumpkin":3,"minecraft:dandelion":2,"minecraft:sand":75,"minecraft:jungle_planks":6,"minecraft:spruce_sapling":11,"minecraft:white_bed":7,"minecraft:spruce_log":188,"minecraft:jungle_slab":4,"minecraft:bread":15,"minecraft:oak_sapling":17,"minecraft:netherrack":1,"minecraft:coal":87},"minecraft:used":{"minecraft:oak_trapdoor":4,"minecraft:iron_shovel":262,"minecraft:stone_shovel":219,"minecraft:poppy":3,"minecraft:spruce_planks":20,"minecraft:chest":3,"minecraft:stone_hoe":111,"minecraft:netherrack":1,"minecraft:dirt":192,"minecraft:jungle_planks":7,"minecraft:carrot":67,"minecraft:jungle_slab":10,"minecraft:iron_hoe":30,"minecraft:spruce_wood":9,"minecraft:iron_axe":535,"minecraft:jungle_log":4,"minecraft:iron_boots":1,"minecraft:melon_seeds":2,"minecraft:oak_sapling":4,"minecraft:furnace":1,"minecraft:egg":4,"minecraft:iron_leggings":1,"minecraft:wheat_seeds":16,"minecraft:water_bucket":39,"minecraft:oak_planks":136,"minecraft:composter":27,"minecraft:sugar_cane":65,"minecraft:white_wool":1,"minecraft:golden_hoe":32,"minecraft:sand":33,"minecraft:rail":24,"minecraft:oak_slab":118,"minecraft:crafting_table":8,"minecraft:white_bed":6,"minecraft:spruce_log":12,"minecraft:lightning_rod":1,"minecraft:bread":48,"minecraft:iron_pickaxe":174,"minecraft:spruce_trapdoor":4,"minecraft:spruce_sapling":9,"minecraft:fire_charge":1,"minecraft:cobblestone":35,"minecraft:andesite":1,"minecraft:bucket":40,"minecraft:yellow_bed":17,"minecraft:dandelion":2,"minecraft:bone_meal":318,"minecraft:golden_pickaxe":19}},"DataVersion":3465}