{"stats":{"minecraft:mined":{"minecraft:hay_block":10,"minecraft:jungle_leaves":4,"minecraft:yellow_bed":2,"minecraft:crafting_table":2,"minecraft:grass":3,"minecraft:coal_ore":10,"minecraft:oak_log":26,"minecraft:vine":1,"minecraft:chest":1,"minecraft:jungle_log":8,"minecraft:sand":43,"minecraft:oak_leaves":1},"minecraft:used":{"minecraft:iron_shovel":29,"minecraft:iron_axe":47,"minecraft:bread":3,"minecraft:iron_pickaxe":10,"minecraft:poppy":2,"minecraft:jungle_log":4,"minecraft:iron_boots":1,"minecraft:crafting_table":2,"minecraft:yellow_bed":1,"minecraft:iron_leggings":1},"minecraft:crafted":{"minecraft:crafting_table":1,"minecraft:iron_axe":1,"minecraft:stick":4,"minecraft:iron_pickaxe":1,"minecraft:iron_shovel":1,"minecraft:bread":30,"minecraft:jungle_planks":16,"minecraft:wheat":90},"minecraft:killed":{"minecraft:iron_golem":1},"minecraft:custom":{"minecraft:time_since_rest":6527,"minecraft:sprint_one_cm":25153,"minecraft:damage_taken":60,"minecraft:walk_one_cm":36998,"minecraft:mob_kills":1,"minecraft:damage_dealt":1000,"minecraft:traded_with_villager":1,"minecraft:interact_with_crafting_table":4,"minecraft:talked_to_villager":6,"minecraft:fly_one_cm":63246,"minecraft:open_chest":4,"minecraft:crouch_one_cm":23,"minecraft:play_time":14954,"minecraft:sneak_time":396,"minecraft:jump":276,"minecraft:leave_game":2,"minecraft:time_since_death":14954,"minecraft:sleep_in_bed":1,"minecraft:climb_one_cm":548,"minecraft:total_world_time":14954,"minecraft:fall_one_cm":11592},"minecraft:picked_up":{"minecraft:crafting_table":2,"minecraft:jungle_log":8,"minecraft:sand":43,"minecraft:oak_log":26,"minecraft:yellow_bed":2,"minecraft:hay_block":10,"minecraft:iron_ingot":5,"minecraft:poppy":1,"minecraft:oak_sapling":2,"minecraft:chest":1,"minecraft:coal":7}},"DataVersion":3465}