{"stats":{"minecraft:custom":{"minecraft:interact_with_furnace":2,"minecraft:mob_kills":5,"minecraft:traded_with_villager":2,"minecraft:interact_with_crafting_table":19,"minecraft:leave_game":7,"minecraft:time_since_death":144510,"minecraft:sleep_in_bed":13,"minecraft:climb_one_cm":5990,"minecraft:time_since_rest":8944,"minecraft:sprint_one_cm":241809,"minecraft:damage_taken":1207,"minecraft:walk_one_cm":342897,"minecraft:drop":34,"minecraft:damage_dealt":4170,"minecraft:talked_to_villager":14,"minecraft:swim_one_cm":28757,"minecraft:fly_one_cm":657776,"minecraft:open_chest":8,"minecraft:crouch_one_cm":13330,"minecraft:play_time":144510,"minecraft:sneak_time":5401,"minecraft:walk_under_water_one_cm":9048,"minecraft:jump":3317,"minecraft:walk_on_water_one_cm":14941,"minecraft:total_world_time":144510,"minecraft:fall_one_cm":103504},"minecraft:mined":{"minecraft:smithing_table":1,"minecraft:oak_slab":7,"minecraft:white_bed":6,"minecraft:jungle_slab":2,"minecraft:jungle_leaves":5,"minecraft:dandelion":2,"minecraft:brewing_stand":1,"minecraft:crafting_table":5,"minecraft:grass_block":91,"minecraft:melon":14,"minecraft:jungle_planks":6,"minecraft:chest":1,"minecraft:jungle_log":8,"minecraft:lectern":1,"minecraft:copper_ore":6,"minecraft:tall_grass":13,"minecraft:cobblestone":13,"minecraft:spruce_leaves":24,"minecraft:composter":7,"minecraft:oak_planks":40,"minecraft:sugar_cane":12,"minecraft:hay_block":37,"minecraft:furnace":1,"minecraft:carrots":1,"minecraft:wheat":4,"minecraft:fire":1,"minecraft:spruce_log":27,"minecraft:birch_leaves":1,"minecraft:pumpkin":3,"minecraft:yellow_bed":14,"minecraft:gold_block":1,"minecraft:grass":37,"minecraft:oak_log":67,"minecraft:coal_ore":45,"minecraft:vine":1,"minecraft:sand":43,"minecraft:dirt":20,"minecraft:stone":34,"minecraft:netherrack":1,"minecraft:white_wool":1,"minecraft:oak_leaves":28},"minecraft:used":{"minecraft:wheat_seeds":10,"minecraft:oak_trapdoor":3,"minecraft:water_bucket":4,"minecraft:iron_shovel":182,"minecraft:oak_planks":134,"minecraft:poppy":2,"minecraft:chest":2,"minecraft:composter":11,"minecraft:stone_hoe":111,"minecraft:netherrack":1,"minecraft:white_wool":1,"minecraft:dirt":101,"minecraft:sand":1,"minecraft:golden_hoe":32,"minecraft:crafting_table":7,"minecraft:oak_slab":96,"minecraft:carrot":1,"minecraft:jungle_planks":7,"minecraft:jungle_slab":10,"minecraft:white_bed":5,"minecraft:lightning_rod":1,"minecraft:iron_hoe":26,"minecraft:bread":37,"minecraft:iron_axe":246,"minecraft:iron_pickaxe":87,"minecraft:jungle_log":4,"minecraft:iron_boots":1,"minecraft:spruce_sapling":9,"minecraft:fire_charge":1,"minecraft:cobblestone":33,"minecraft:furnace":1,"minecraft:oak_sapling":4,"minecraft:bucket":5,"minecraft:yellow_bed":12,"minecraft:egg":4,"minecraft:dandelion":2,"minecraft:golden_pickaxe":19,"minecraft:iron_leggings":1},"minecraft:picked_up":{"minecraft:wheat":166,"minecraft:crafting_table":5,"minecraft:jungle_log":8,"minecraft:smithing_table":1,"minecraft:gold_block":1,"minecraft:oak_log":67,"minecraft:brewing_stand":1,"minecraft:yellow_bed":14,"minecraft:dirt":101,"minecraft:raw_copper":25,"minecraft:apple":5,"minecraft:wheat_seeds":10,"minecraft:iron_ingot":18,"minecraft:poppy":3,"minecraft:lectern":1,"minecraft:melon_slice":63,"minecraft:sugar_cane":29,"minecraft:chest":2,"minecraft:oak_planks":41,"minecraft:egg":4,"minecraft:furnace":1,"minecraft:oak_slab":10,"minecraft:stick":17,"minecraft:pumpkin":3,"minecraft:composter":7,"minecraft:dandelion":2,"minecraft:jungle_planks":6,"minecraft:sand":43,"minecraft:spruce_sapling":9,"minecraft:carrot":1,"minecraft:white_bed":7,"minecraft:spruce_log":26,"minecraft:jungle_slab":4,"minecraft:rotten_flesh":1,"minecraft:hay_block":37,"minecraft:bread":13,"minecraft:oak_sapling":17,"minecraft:netherrack":1,"minecraft:mutton":5,"minecraft:coal":87,"minecraft:white_wool":5,"minecraft:cobblestone":46},"minecraft:dropped":{"minecraft:stone_hoe":1,"minecraft:bread":77,"minecraft:wheat":171,"minecraft:feather":1,"minecraft:rotten_flesh":1,"minecraft:oak_planks":1,"minecraft:white_bed":1,"minecraft:poppy":1,"minecraft:chest":1,"minecraft:iron_axe":1},"minecraft:killed":{"minecraft:iron_golem":4,"minecraft:zombie":1},"minecraft:crafted":{"minecraft:oak_slab":102,"minecraft:oak_planks":172,"minecraft:crafting_table":2,"minecraft:lightning_rod":1,"minecraft:furnace":1,"minecraft:copper_ingot":3,"minecraft:bucket":1,"minecraft:jungle_slab":18,"minecraft:bread":111,"minecraft:air":0,"minecraft:oak_trapdoor":4,"minecraft:jungle_planks":16,"minecraft:iron_hoe":1,"minecraft:iron_axe":2,"minecraft:stick":8,"minecraft:iron_pickaxe":1,"minecraft:chest":1,"minecraft:iron_shovel":1,"minecraft:composter":4,"minecraft:stone_hoe":1,"minecraft:wheat":277},"minecraft:broken":{"minecraft:golden_hoe":1}},"DataVersion":3465}