{"stats":{"minecraft:killed_by":{"minecraft:skeleton":1,"minecraft:creeper":1},"minecraft:broken":{"minecraft:stone_pickaxe":1},"minecraft:used":{"minecraft:cooked_mutton":3,"minecraft:stone_pickaxe":202,"minecraft:oak_planks":19,"minecraft:chest":2,"minecraft:rotten_flesh":3,"minecraft:iron_chestplate":1,"minecraft:torch":33,"minecraft:dirt":37,"minecraft:crafting_table":3,"minecraft:white_bed":2,"minecraft:oak_log":1,"minecraft:iron_axe":28,"minecraft:iron_pickaxe":23,"minecraft:iron_helmet":1,"minecraft:iron_boots":1,"minecraft:stone_axe":33,"minecraft:cobblestone":3,"minecraft:furnace":2,"minecraft:oak_sapling":3,"minecraft:bucket":1,"minecraft:egg":1,"minecraft:cobbled_deepslate":32},"minecraft:dropped":{"minecraft:oak_log":6,"minecraft:raw_iron":33,"minecraft:cobblestone":15,"minecraft:coal":22,"minecraft:stick":2,"minecraft:filled_map":1,"minecraft:lava_bucket":1,"minecraft:egg":2},"minecraft:killed":{"minecraft:spider":1,"minecraft:creeper":2,"minecraft:skeleton":1,"minecraft:sheep":5,"minecraft:zombie":1},"minecraft:mined":{"minecraft:white_bed":1,"minecraft:crafting_table":3,"minecraft:torch":14,"minecraft:granite":1,"minecraft:short_grass":32,"minecraft:grass_block":4,"minecraft:tall_grass":2,"minecraft:deepslate_gold_ore":17,"minecraft:oak_planks":4,"minecraft:wall_torch":2,"minecraft:furnace":1,"minecraft:iron_ore":7,"minecraft:cobbled_deepslate":10,"minecraft:pumpkin":14,"minecraft:oak_log":19,"minecraft:coal_ore":22,"minecraft:deepslate_iron_ore":54,"minecraft:gravel":2,"minecraft:sand":3,"minecraft:dirt":5,"minecraft:stone":67,"minecraft:deepslate":37},"minecraft:crafted":{"minecraft:oak_planks":36,"minecraft:chest":2,"minecraft:white_bed":1},"minecraft:picked_up":{"minecraft:crafting_table":3,"minecraft:iron_chestplate":1,"minecraft:leather":2,"minecraft:oak_log":19,"minecraft:gunpowder":2,"minecraft:dirt":38,"minecraft:iron_axe":1,"minecraft:cooked_mutton":3,"minecraft:bow":1,"minecraft:wheat_seeds":3,"minecraft:cobbled_deepslate":49,"minecraft:raw_gold":17,"minecraft:bucket":1,"minecraft:stone_pickaxe":3,"minecraft:iron_pickaxe":1,"minecraft:oak_planks":4,"minecraft:egg":3,"minecraft:iron_boots":1,"minecraft:furnace":2,"minecraft:stick":2,"minecraft:raw_iron":57,"minecraft:pumpkin":14,"minecraft:torch":55,"minecraft:dandelion":1,"minecraft:gravel":2,"minecraft:sand":25,"minecraft:white_bed":1,"minecraft:arrow":2,"minecraft:rotten_flesh":3,"minecraft:stone_axe":1,"minecraft:iron_helmet":1,"minecraft:granite":1,"minecraft:oak_sapling":3,"minecraft:mutton":7,"minecraft:coal":22,"minecraft:white_wool":6,"minecraft:cobblestone":58},"minecraft:custom":{"minecraft:interact_with_furnace":27,"minecraft:mob_kills":11,"minecraft:interact_with_crafting_table":4,"minecraft:leave_game":10,"minecraft:time_since_death":3560,"minecraft:sleep_in_bed":4,"minecraft:climb_one_cm":190,"minecraft:time_since_rest":3588,"minecraft:sprint_one_cm":129248,"minecraft:damage_taken":1932,"minecraft:walk_one_cm":267875,"minecraft:drop":61,"minecraft:damage_dealt":2008,"minecraft:swim_one_cm":17234,"minecraft:fly_one_cm":236234,"minecraft:open_chest":13,"minecraft:crouch_one_cm":17936,"minecraft:play_time":108147,"minecraft:deaths":6,"minecraft:sneak_time":9988,"minecraft:walk_under_water_one_cm":4240,"minecraft:jump":1899,"minecraft:walk_on_water_one_cm":5316,"minecraft:total_world_time":108147,"minecraft:fall_one_cm":77916}},"DataVersion":4082}