{"stats":{"minecraft:crafted":{"minecraft:oak_planks":108,"minecraft:furnace":1,"minecraft:yellow_bed":1,"minecraft:iron_axe":1,"minecraft:ladder":57,"minecraft:chest":2,"minecraft:red_dye":1,"minecraft:crafting_table":1,"minecraft:air":0,"minecraft:oak_boat":1,"minecraft:yellow_dye":1,"minecraft:shield":2,"minecraft:stick":64,"minecraft:iron_ingot":72,"minecraft:iron_pickaxe":1,"minecraft:iron_leggings":2,"minecraft:light_gray_dye":1,"minecraft:white_bed":2,"minecraft:torch":12},"minecraft:picked_up":{"minecraft:charcoal":9,"minecraft:crafting_table":9,"minecraft:iron_chestplate":1,"minecraft:chicken":1,"minecraft:ladder":1,"minecraft:amethyst_block":276,"minecraft:string":7,"minecraft:iron_axe":1,"minecraft:raw_copper":30,"minecraft:cobbled_deepslate":61,"minecraft:bucket":1,"minecraft:oak_boat":1,"minecraft:calcite":108,"minecraft:poppy":1,"minecraft:iron_pickaxe":1,"minecraft:sugar_cane":58,"minecraft:chest":1,"minecraft:furnace":4,"minecraft:iron_boots":1,"minecraft:egg":5,"minecraft:stick":73,"minecraft:raw_iron":171,"minecraft:torch":122,"minecraft:diorite":8,"minecraft:redstone":60,"minecraft:arrow":22,"minecraft:rotten_flesh":20,"minecraft:mutton":7,"minecraft:white_wool":6,"minecraft:cobblestone":196,"minecraft:oxeye_daisy":1,"minecraft:andesite":21,"minecraft:leather":2,"minecraft:filled_map":1,"minecraft:oak_log":102,"minecraft:gunpowder":4,"minecraft:dirt":109,"minecraft:cooked_mutton":7,"minecraft:bone":21,"minecraft:apple":3,"minecraft:bow":2,"minecraft:wheat_seeds":2,"minecraft:raw_gold":17,"minecraft:stone_pickaxe":3,"minecraft:iron_ingot":1,"minecraft:iron_sword":2,"minecraft:oak_planks":60,"minecraft:smooth_basalt":5,"minecraft:pumpkin":14,"minecraft:dandelion":2,"minecraft:gravel":6,"minecraft:sand":25,"minecraft:amethyst_shard":20,"minecraft:white_bed":6,"minecraft:spider_eye":5,"minecraft:stone_axe":1,"minecraft:iron_helmet":1,"minecraft:granite":2,"minecraft:oak_sapling":20,"minecraft:coal":82,"minecraft:diamond_pickaxe":1},"minecraft:killed_by":{"minecraft:skeleton":2},"minecraft:custom":{"minecraft:mob_kills":71,"minecraft:interact_with_crafting_table":20,"minecraft:leave_game":17,"minecraft:time_since_death":68894,"minecraft:climb_one_cm":2964,"minecraft:sprint_one_cm":348191,"minecraft:walk_one_cm":676256,"minecraft:damage_blocked_by_shield":1130,"minecraft:drop":95,"minecraft:play_time":304009,"minecraft:deaths":7,"minecraft:sneak_time":29182,"minecraft:walk_under_water_one_cm":6347,"minecraft:jump":4745,"minecraft:walk_on_water_one_cm":8727,"minecraft:total_world_time":304009,"minecraft:interact_with_furnace":65,"minecraft:sleep_in_bed":12,"minecraft:time_since_rest":44511,"minecraft:damage_taken":3460,"minecraft:damage_dealt":12725,"minecraft:fly_one_cm":638448,"minecraft:swim_one_cm":23461,"minecraft:open_chest":71,"minecraft:crouch_one_cm":56628,"minecraft:fall_one_cm":150016},"minecraft:used":{"minecraft:stone_sword":1,"minecraft:ladder":47,"minecraft:chest":3,"minecraft:shield":43,"minecraft:rotten_flesh":31,"minecraft:iron_chestplate":2,"minecraft:torch":108,"minecraft:dirt":109,"minecraft:iron_axe":313,"minecraft:iron_helmet":2,"minecraft:iron_boots":2,"minecraft:furnace":4,"minecraft:oak_sapling":18,"minecraft:cooked_cod":5,"minecraft:egg":3,"minecraft:cobbled_deepslate":33,"minecraft:iron_leggings":1,"minecraft:calcite":33,"minecraft:cooked_mutton":7,"minecraft:stone_pickaxe":202,"minecraft:oak_planks":25,"minecraft:sugar_cane":58,"minecraft:crafting_table":9,"minecraft:white_bed":7,"minecraft:oak_log":1,"minecraft:diamond_pickaxe":252,"minecraft:iron_pickaxe":641,"minecraft:stone_axe":33,"minecraft:cobblestone":16,"minecraft:cooked_porkchop":5,"minecraft:bucket":3,"minecraft:andesite":20,"minecraft:yellow_bed":1},"minecraft:killed":{"minecraft:spider":9,"minecraft:skeleton":20,"minecraft:chicken":1,"minecraft:creeper":5,"minecraft:sheep":5,"minecraft:zombie":28},"minecraft:dropped":{"minecraft:iron_sword":2,"minecraft:oak_log":70,"minecraft:cobblestone":15,"minecraft:coal":29,"minecraft:stick":2,"minecraft:lava_bucket":2,"minecraft:torch":38,"minecraft:iron_leggings":1,"minecraft:raw_iron":33,"minecraft:oak_planks":29,"minecraft:filled_map":3,"minecraft:shield":1,"minecraft:charcoal":9,"minecraft:oak_boat":2,"minecraft:ladder":1,"minecraft:egg":2},"minecraft:broken":{"minecraft:stone_pickaxe":1,"minecraft:iron_axe":1,"minecraft:iron_pickaxe":3},"minecraft:mined":{"minecraft:white_bed":6,"minecraft:granite":1,"minecraft:grass_block":72,"minecraft:oxeye_daisy":1,"minecraft:furnace":3,"minecraft:iron_ore":115,"minecraft:cobbled_deepslate":16,"minecraft:andesite":18,"minecraft:pumpkin":14,"minecraft:deepslate_iron_ore":66,"minecraft:stone":226,"minecraft:deepslate_redstone_ore":13,"minecraft:medium_amethyst_bud":1,"minecraft:amethyst_cluster":5,"minecraft:dandelion":1,"minecraft:crafting_table":9,"minecraft:torch":19,"minecraft:short_grass":19,"minecraft:calcite":112,"minecraft:poppy":1,"minecraft:chest":1,"minecraft:tall_grass":2,"minecraft:copper_ore":12,"minecraft:cobblestone":1,"minecraft:deepslate_gold_ore":17,"minecraft:oak_planks":8,"minecraft:sugar_cane":41,"minecraft:diorite":8,"minecraft:wall_torch":2,"minecraft:amethyst_block":338,"minecraft:coal_ore":81,"minecraft:oak_log":102,"minecraft:gravel":6,"minecraft:sand":3,"minecraft:dirt":6,"minecraft:smooth_basalt":5,"minecraft:oak_leaves":35,"minecraft:deepslate":43}},"DataVersion":4082}