{"stats":{"minecraft:killed_by":{"minecraft:skeleton":1,"minecraft:creeper":1},"minecraft:broken":{"minecraft:stone_pickaxe":1},"minecraft:used":{"minecraft:cooked_mutton":3,"minecraft:stone_pickaxe":202,"minecraft:oak_planks":19,"minecraft:chest":2,"minecraft:rotten_flesh":3,"minecraft:iron_chestplate":1,"minecraft:torch":33,"minecraft:dirt":107,"minecraft:crafting_table":3,"minecraft:white_bed":2,"minecraft:oak_log":1,"minecraft:iron_axe":39,"minecraft:iron_pickaxe":23,"minecraft:iron_helmet":1,"minecraft:iron_boots":1,"minecraft:stone_axe":33,"minecraft:cobblestone":3,"minecraft:furnace":2,"minecraft:oak_sapling":5,"minecraft:bucket":1,"minecraft:egg":1,"minecraft:cobbled_deepslate":32},"minecraft:dropped":{"minecraft:oak_log":6,"minecraft:raw_iron":33,"minecraft:cobblestone":15,"minecraft:coal":22,"minecraft:stick":2,"minecraft:filled_map":1,"minecraft:lava_bucket":1,"minecraft:egg":2},"minecraft:killed":{"minecraft:spider":1,"minecraft:creeper":2,"minecraft:sheep":5,"minecraft:skeleton":1,"minecraft:zombie":1},"minecraft:mined":{"minecraft:white_bed":1,"minecraft:crafting_table":3,"minecraft:torch":14,"minecraft:granite":1,"minecraft:short_grass":38,"minecraft:grass_block":72,"minecraft:tall_grass":2,"minecraft:deepslate_gold_ore":17,"minecraft:oak_planks":4,"minecraft:wall_torch":2,"minecraft:furnace":1,"minecraft:iron_ore":7,"minecraft:cobbled_deepslate":10,"minecraft:pumpkin":14,"minecraft:oak_log":29,"minecraft:coal_ore":22,"minecraft:deepslate_iron_ore":54,"minecraft:gravel":2,"minecraft:sand":3,"minecraft:dirt":7,"minecraft:stone":67,"minecraft:deepslate":37},"minecraft:crafted":{"minecraft:oak_planks":36,"minecraft:chest":2,"minecraft:white_bed":1},"minecraft:picked_up":{"minecraft:crafting_table":3,"minecraft:iron_chestplate":1,"minecraft:leather":2,"minecraft:oak_log":29,"minecraft:gunpowder":2,"minecraft:dirt":108,"minecraft:iron_axe":1,"minecraft:cooked_mutton":3,"minecraft:apple":1,"minecraft:bow":1,"minecraft:wheat_seeds":4,"minecraft:cobbled_deepslate":49,"minecraft:raw_gold":17,"minecraft:bucket":1,"minecraft:stone_pickaxe":3,"minecraft:iron_pickaxe":1,"minecraft:oak_planks":4,"minecraft:egg":3,"minecraft:iron_boots":1,"minecraft:furnace":2,"minecraft:raw_iron":57,"minecraft:stick":4,"minecraft:pumpkin":14,"minecraft:torch":55,"minecraft:dandelion":1,"minecraft:gravel":2,"minecraft:sand":25,"minecraft:white_bed":1,"minecraft:arrow":2,"minecraft:rotten_flesh":3,"minecraft:stone_axe":1,"minecraft:iron_helmet":1,"minecraft:granite":1,"minecraft:oak_sapling":5,"minecraft:mutton":7,"minecraft:coal":22,"minecraft:cobblestone":58,"minecraft:white_wool":6},"minecraft:custom":{"minecraft:interact_with_furnace":27,"minecraft:mob_kills":11,"minecraft:interact_with_crafting_table":4,"minecraft:leave_game":14,"minecraft:time_since_death":15743,"minecraft:sleep_in_bed":5,"minecraft:climb_one_cm":190,"minecraft:time_since_rest":5811,"minecraft:sprint_one_cm":141145,"minecraft:damage_taken":1952,"minecraft:walk_one_cm":291808,"minecraft:drop":61,"minecraft:damage_dealt":2008,"minecraft:swim_one_cm":17234,"minecraft:fly_one_cm":251967,"minecraft:open_chest":15,"minecraft:crouch_one_cm":18352,"minecraft:play_time":120330,"minecraft:deaths":6,"minecraft:sneak_time":10224,"minecraft:walk_under_water_one_cm":4240,"minecraft:jump":1992,"minecraft:walk_on_water_one_cm":5316,"minecraft:total_world_time":120330,"minecraft:fall_one_cm":81382}},"DataVersion":4082}