{"stats":{"minecraft:custom":{"minecraft:mob_kills":71,"minecraft:interact_with_crafting_table":21,"minecraft:leave_game":17,"minecraft:time_since_death":17694,"minecraft:climb_one_cm":3204,"minecraft:sprint_one_cm":363534,"minecraft:walk_one_cm":747621,"minecraft:damage_blocked_by_shield":1130,"minecraft:drop":98,"minecraft:play_time":332827,"minecraft:deaths":8,"minecraft:sneak_time":34283,"minecraft:walk_under_water_one_cm":7972,"minecraft:jump":5255,"minecraft:walk_on_water_one_cm":12158,"minecraft:total_world_time":332827,"minecraft:interact_with_furnace":69,"minecraft:sleep_in_bed":13,"minecraft:time_since_rest":14657,"minecraft:damage_taken":3565,"minecraft:damage_dealt":12754,"minecraft:swim_one_cm":23461,"minecraft:fly_one_cm":752438,"minecraft:open_chest":92,"minecraft:crouch_one_cm":67360,"minecraft:fall_one_cm":159640},"minecraft:killed_by":{"minecraft:player":1,"minecraft:skeleton":2},"minecraft:picked_up":{"minecraft:charcoal":9,"minecraft:iron_chestplate":1,"minecraft:crafting_table":9,"minecraft:clay_ball":28,"minecraft:chicken":1,"minecraft:ladder":1,"minecraft:amethyst_block":457,"minecraft:string":7,"minecraft:iron_axe":1,"minecraft:raw_copper":30,"minecraft:cobbled_deepslate":75,"minecraft:bucket":1,"minecraft:oak_boat":1,"minecraft:calcite":161,"minecraft:poppy":1,"minecraft:iron_pickaxe":1,"minecraft:sugar_cane":58,"minecraft:chest":1,"minecraft:egg":5,"minecraft:iron_boots":1,"minecraft:furnace":4,"minecraft:stick":73,"minecraft:raw_iron":171,"minecraft:torch":124,"minecraft:diorite":8,"minecraft:redstone":60,"minecraft:arrow":22,"minecraft:rotten_flesh":20,"minecraft:mutton":7,"minecraft:white_wool":6,"minecraft:cobblestone":198,"minecraft:oxeye_daisy":1,"minecraft:andesite":21,"minecraft:leather":2,"minecraft:filled_map":1,"minecraft:oak_log":102,"minecraft:gunpowder":4,"minecraft:dirt":110,"minecraft:cooked_mutton":7,"minecraft:bone":21,"minecraft:apple":3,"minecraft:bow":2,"minecraft:wheat_seeds":3,"minecraft:raw_gold":17,"minecraft:stone_pickaxe":3,"minecraft:iron_ingot":1,"minecraft:oak_planks":60,"minecraft:iron_sword":2,"minecraft:smooth_basalt":6,"minecraft:pumpkin":14,"minecraft:dandelion":2,"minecraft:gravel":6,"minecraft:sand":25,"minecraft:amethyst_shard":24,"minecraft:white_bed":6,"minecraft:spider_eye":5,"minecraft:stone_axe":1,"minecraft:iron_helmet":1,"minecraft:granite":2,"minecraft:oak_sapling":20,"minecraft:coal":82,"minecraft:diamond_pickaxe":1},"minecraft:broken":{"minecraft:stone_pickaxe":1,"minecraft:iron_axe":1,"minecraft:iron_pickaxe":3},"minecraft:dropped":{"minecraft:iron_sword":2,"minecraft:wheat_seeds":1,"minecraft:oak_log":70,"minecraft:cobblestone":15,"minecraft:coal":29,"minecraft:stick":2,"minecraft:lava_bucket":2,"minecraft:torch":38,"minecraft:iron_leggings":1,"minecraft:raw_iron":33,"minecraft:clay_ball":28,"minecraft:oak_planks":29,"minecraft:filled_map":3,"minecraft:shield":1,"minecraft:charcoal":9,"minecraft:ladder":1,"minecraft:oak_boat":2,"minecraft:egg":2},"minecraft:crafted":{"minecraft:oak_planks":108,"minecraft:furnace":1,"minecraft:yellow_bed":1,"minecraft:iron_axe":1,"minecraft:ladder":57,"minecraft:chest":2,"minecraft:red_dye":1,"minecraft:crafting_table":1,"minecraft:air":0,"minecraft:oak_boat":1,"minecraft:yellow_dye":1,"minecraft:shield":2,"minecraft:stick":64,"minecraft:iron_ingot":72,"minecraft:iron_pickaxe":1,"minecraft:iron_leggings":2,"minecraft:light_gray_dye":1,"minecraft:white_bed":2,"minecraft:torch":12},"minecraft:mined":{"minecraft:large_amethyst_bud":3,"minecraft:white_bed":6,"minecraft:budding_amethyst":1,"minecraft:granite":1,"minecraft:grass_block":73,"minecraft:oxeye_daisy":1,"minecraft:furnace":3,"minecraft:iron_ore":115,"minecraft:cobbled_deepslate":30,"minecraft:andesite":18,"minecraft:pumpkin":14,"minecraft:deepslate_iron_ore":66,"minecraft:stone":226,"minecraft:deepslate_redstone_ore":13,"minecraft:medium_amethyst_bud":1,"minecraft:amethyst_cluster":6,"minecraft:dandelion":1,"minecraft:clay":20,"minecraft:crafting_table":9,"minecraft:torch":20,"minecraft:short_grass":21,"minecraft:calcite":168,"minecraft:poppy":1,"minecraft:chest":1,"minecraft:tall_grass":2,"minecraft:copper_ore":12,"minecraft:cobblestone":3,"minecraft:deepslate_gold_ore":17,"minecraft:sugar_cane":41,"minecraft:oak_planks":8,"minecraft:diorite":8,"minecraft:wall_torch":2,"minecraft:amethyst_block":520,"minecraft:oak_log":102,"minecraft:coal_ore":81,"minecraft:gravel":6,"minecraft:sand":3,"minecraft:dirt":6,"minecraft:smooth_basalt":6,"minecraft:oak_leaves":35,"minecraft:deepslate":43},"minecraft:used":{"minecraft:stone_sword":1,"minecraft:ladder":47,"minecraft:chest":3,"minecraft:shield":43,"minecraft:rotten_flesh":31,"minecraft:iron_chestplate":2,"minecraft:torch":115,"minecraft:dirt":110,"minecraft:lava_bucket":4,"minecraft:iron_axe":313,"minecraft:iron_helmet":2,"minecraft:iron_boots":2,"minecraft:furnace":4,"minecraft:oak_sapling":18,"minecraft:cooked_cod":5,"minecraft:egg":3,"minecraft:cobbled_deepslate":33,"minecraft:iron_leggings":1,"minecraft:calcite":62,"minecraft:cooked_mutton":7,"minecraft:stone_pickaxe":202,"minecraft:oak_planks":25,"minecraft:sugar_cane":58,"minecraft:crafting_table":9,"minecraft:white_bed":7,"minecraft:oak_log":1,"minecraft:diamond_pickaxe":513,"minecraft:iron_pickaxe":641,"minecraft:stone_axe":33,"minecraft:cobblestone":16,"minecraft:cooked_porkchop":5,"minecraft:bucket":7,"minecraft:andesite":20,"minecraft:yellow_bed":1},"minecraft:killed":{"minecraft:spider":9,"minecraft:skeleton":20,"minecraft:chicken":1,"minecraft:creeper":5,"minecraft:sheep":5,"minecraft:zombie":28}},"DataVersion":4082}