{"stats":{"minecraft:crafted":{"minecraft:oak_planks":168,"minecraft:cooked_chicken":3,"minecraft:furnace":3,"minecraft:cooked_mutton":20,"minecraft:glass":16,"minecraft:iron_boots":2,"minecraft:iron_axe":3,"minecraft:stone_pickaxe":2,"minecraft:chest":4,"minecraft:cooked_beef":9,"minecraft:cooked_porkchop":10,"minecraft:crafting_table":2,"minecraft:wooden_pickaxe":1,"minecraft:iron_helmet":2,"minecraft:iron_sword":1,"minecraft:bucket":1,"minecraft:stone_axe":1,"minecraft:air":0,"minecraft:iron_chestplate":2,"minecraft:diamond_pickaxe":2,"minecraft:charcoal":121,"minecraft:stick":262,"minecraft:iron_pickaxe":2,"minecraft:iron_ingot":197,"minecraft:stone_sword":1,"minecraft:gold_ingot":29,"minecraft:white_bed":1,"minecraft:torch":528},"minecraft:used":{"minecraft:stone_sword":145,"minecraft:chest":7,"minecraft:shield":15,"minecraft:iron_sword":5,"minecraft:cooked_chicken":1,"minecraft:torch":224,"minecraft:dirt":7,"minecraft:tuff":1,"minecraft:granite":1,"minecraft:lava_bucket":2,"minecraft:iron_axe":251,"minecraft:oak_sapling":10,"minecraft:furnace":3,"minecraft:cooked_beef":5,"minecraft:cobbled_deepslate":72,"minecraft:cooked_mutton":11,"minecraft:stone_pickaxe":56,"minecraft:wooden_pickaxe":25,"minecraft:crafting_table":3,"minecraft:white_bed":1,"minecraft:diamond_pickaxe":764,"minecraft:apple":1,"minecraft:iron_pickaxe":109,"minecraft:cobblestone":70,"minecraft:cooked_porkchop":5,"minecraft:bucket":3,"minecraft:dandelion":1},"minecraft:mined":{"minecraft:large_amethyst_bud":2,"minecraft:diamond_ore":6,"minecraft:tuff":14,"minecraft:oak_sapling":1,"minecraft:deepslate_diamond_ore":22,"minecraft:budding_amethyst":2,"minecraft:grass_block":6,"minecraft:redstone_ore":1,"minecraft:iron_ore":71,"minecraft:cobbled_deepslate":4,"minecraft:andesite":2,"minecraft:pumpkin":10,"minecraft:deepslate_lapis_ore":20,"minecraft:deepslate_iron_ore":42,"minecraft:stone":146,"minecraft:deepslate_redstone_ore":19,"minecraft:amethyst_cluster":14,"minecraft:dandelion":2,"minecraft:clay":10,"minecraft:crafting_table":1,"minecraft:torch":2,"minecraft:short_grass":38,"minecraft:calcite":116,"minecraft:chest":3,"minecraft:tall_grass":6,"minecraft:cobblestone":6,"minecraft:lapis_ore":4,"minecraft:deepslate_gold_ore":27,"minecraft:diorite":32,"minecraft:wall_torch":4,"minecraft:amethyst_block":232,"minecraft:oak_log":90,"minecraft:coal_ore":32,"minecraft:sand":2,"minecraft:dirt":8,"minecraft:smooth_basalt":14,"minecraft:gold_ore":5,"minecraft:oak_leaves":45,"minecraft:deepslate":119},"minecraft:killed":{"minecraft:spider":1,"minecraft:skeleton":4,"minecraft:chicken":4,"minecraft:pig":7,"minecraft:creeper":1,"minecraft:sheep":8,"minecraft:zombie":7,"minecraft:cow":4},"minecraft:custom":{"minecraft:mob_kills":37,"minecraft:interact_with_crafting_table":49,"minecraft:leave_game":14,"minecraft:time_since_death":19925,"minecraft:climb_one_cm":252,"minecraft:sprint_one_cm":189469,"minecraft:walk_one_cm":833048,"minecraft:damage_blocked_by_shield":300,"minecraft:drop":153,"minecraft:play_time":339311,"minecraft:deaths":3,"minecraft:sneak_time":5520,"minecraft:walk_under_water_one_cm":19573,"minecraft:jump":2623,"minecraft:walk_on_water_one_cm":8678,"minecraft:total_world_time":339311,"minecraft:interact_with_furnace":104,"minecraft:sleep_in_bed":14,"minecraft:time_since_rest":9117,"minecraft:damage_taken":1884,"minecraft:damage_dealt":4802,"minecraft:swim_one_cm":1278,"minecraft:fly_one_cm":349775,"minecraft:player_kills":1,"minecraft:open_chest":96,"minecraft:crouch_one_cm":2492,"minecraft:fall_one_cm":35580},"minecraft:picked_up":{"minecraft:charcoal":4,"minecraft:crafting_table":1,"minecraft:chicken":4,"minecraft:ladder":2,"minecraft:clay_ball":116,"minecraft:shield":1,"minecraft:amethyst_block":457,"minecraft:string":2,"minecraft:iron_axe":3,"minecraft:raw_copper":8,"minecraft:iron_leggings":1,"minecraft:cobbled_deepslate":181,"minecraft:beef":9,"minecraft:oak_boat":1,"minecraft:calcite":167,"minecraft:chest":3,"minecraft:egg":4,"minecraft:stick":14,"minecraft:raw_iron":166,"minecraft:torch":82,"minecraft:porkchop":10,"minecraft:diorite":41,"minecraft:redstone":127,"minecraft:arrow":7,"minecraft:rotten_flesh":17,"minecraft:mutton":13,"minecraft:white_wool":8,"minecraft:cobblestone":204,"minecraft:feather":4,"minecraft:andesite":2,"minecraft:leather":6,"minecraft:filled_map":1,"minecraft:tuff":25,"minecraft:oak_log":160,"minecraft:lapis_lazuli":199,"minecraft:dirt":12,"minecraft:cooked_mutton":4,"minecraft:bone":12,"minecraft:apple":2,"minecraft:wheat_seeds":4,"minecraft:raw_gold":37,"minecraft:stone_pickaxe":1,"minecraft:iron_ingot":1,"minecraft:iron_sword":2,"minecraft:oak_planks":81,"minecraft:smooth_basalt":14,"minecraft:pumpkin":24,"minecraft:dandelion":1,"minecraft:lava_bucket":3,"minecraft:sand":4,"minecraft:amethyst_shard":70,"minecraft:white_bed":2,"minecraft:diamond":28,"minecraft:granite":1,"minecraft:oak_sapling":11,"minecraft:coal":60},"minecraft:dropped":{"minecraft:iron_ingot":1,"minecraft:iron_sword":2,"minecraft:wheat_seeds":1,"minecraft:iron_helmet":1,"minecraft:stick":64,"minecraft:diorite":9,"minecraft:torch":186,"minecraft:iron_axe":4,"minecraft:iron_pickaxe":1,"minecraft:bucket":2,"minecraft:stone_axe":1,"minecraft:cooked_chicken":2,"minecraft:rotten_flesh":1,"minecraft:oak_planks":104,"minecraft:iron_boots":1,"minecraft:cooked_mutton":13,"minecraft:white_bed":2,"minecraft:iron_chestplate":1,"minecraft:diamond_pickaxe":1,"minecraft:charcoal":4,"minecraft:ladder":2,"minecraft:stone_pickaxe":3,"minecraft:calcite":64}},"DataVersion":4082}