{"stats":{"minecraft:custom":{"minecraft:interact_with_furnace":30,"minecraft:mob_kills":18,"minecraft:interact_with_crafting_table":34,"minecraft:leave_game":6,"minecraft:time_since_death":122668,"minecraft:sleep_in_bed":6,"minecraft:time_since_rest":1176,"minecraft:sprint_one_cm":32333,"minecraft:damage_taken":473,"minecraft:walk_one_cm":363042,"minecraft:drop":20,"minecraft:damage_dealt":1902,"minecraft:fly_one_cm":25347,"minecraft:open_chest":17,"minecraft:crouch_one_cm":1013,"minecraft:play_time":122668,"minecraft:sneak_time":2756,"minecraft:walk_under_water_one_cm":1129,"minecraft:jump":998,"minecraft:walk_on_water_one_cm":851,"minecraft:total_world_time":122668,"minecraft:fall_one_cm":12956},"minecraft:crafted":{"minecraft:cooked_beef":3,"minecraft:oak_planks":144,"minecraft:cooked_porkchop":10,"minecraft:crafting_table":2,"minecraft:wooden_pickaxe":1,"minecraft:iron_helmet":2,"minecraft:iron_sword":1,"minecraft:furnace":3,"minecraft:bucket":1,"minecraft:stone_axe":1,"minecraft:cooked_mutton":9,"minecraft:charcoal":6,"minecraft:iron_boots":2,"minecraft:iron_chestplate":2,"minecraft:diamond_pickaxe":1,"minecraft:iron_axe":2,"minecraft:stick":134,"minecraft:iron_ingot":92,"minecraft:iron_pickaxe":2,"minecraft:stone_pickaxe":2,"minecraft:stone_sword":1,"minecraft:chest":1,"minecraft:gold_ingot":21,"minecraft:white_bed":1,"minecraft:torch":140},"minecraft:used":{"minecraft:cooked_mutton":2,"minecraft:stone_sword":145,"minecraft:stone_pickaxe":56,"minecraft:chest":2,"minecraft:wooden_pickaxe":25,"minecraft:torch":50,"minecraft:dirt":6,"minecraft:crafting_table":3,"minecraft:white_bed":1,"minecraft:tuff":1,"minecraft:granite":1,"minecraft:lava_bucket":2,"minecraft:iron_pickaxe":109,"minecraft:iron_axe":26,"minecraft:cobblestone":18,"minecraft:furnace":3,"minecraft:oak_sapling":6,"minecraft:cooked_porkchop":2,"minecraft:bucket":3,"minecraft:cooked_beef":3,"minecraft:cobbled_deepslate":45,"minecraft:dandelion":1},"minecraft:killed":{"minecraft:pig":7,"minecraft:spider":1,"minecraft:sheep":4,"minecraft:zombie":3,"minecraft:chicken":1,"minecraft:cow":1},"minecraft:dropped":{"minecraft:iron_ingot":1,"minecraft:stone_axe":1,"minecraft:wheat_seeds":1,"minecraft:iron_helmet":1,"minecraft:iron_boots":1,"minecraft:cooked_mutton":7,"minecraft:white_bed":2,"minecraft:torch":38,"minecraft:iron_chestplate":1,"minecraft:iron_axe":1,"minecraft:stone_pickaxe":3,"minecraft:iron_pickaxe":1,"minecraft:bucket":1},"minecraft:picked_up":{"minecraft:crafting_table":1,"minecraft:feather":1,"minecraft:chicken":1,"minecraft:leather":2,"minecraft:filled_map":1,"minecraft:tuff":2,"minecraft:oak_log":41,"minecraft:dirt":7,"minecraft:lapis_lazuli":93,"minecraft:string":1,"minecraft:cooked_mutton":4,"minecraft:bone":2,"minecraft:apple":1,"minecraft:wheat_seeds":4,"minecraft:cobbled_deepslate":45,"minecraft:raw_gold":4,"minecraft:iron_ingot":1,"minecraft:beef":3,"minecraft:stone_pickaxe":1,"minecraft:chest":2,"minecraft:egg":2,"minecraft:stick":10,"minecraft:raw_iron":69,"minecraft:pumpkin":14,"minecraft:torch":17,"minecraft:dandelion":1,"minecraft:lava_bucket":1,"minecraft:porkchop":10,"minecraft:sand":4,"minecraft:white_bed":2,"minecraft:redstone":82,"minecraft:arrow":2,"minecraft:rotten_flesh":2,"minecraft:diamond":6,"minecraft:granite":1,"minecraft:oak_sapling":6,"minecraft:mutton":6,"minecraft:coal":40,"minecraft:white_wool":4,"minecraft:cobblestone":64},"minecraft:mined":{"minecraft:deepslate_redstone_ore":19,"minecraft:tuff":2,"minecraft:deepslate_diamond_ore":6,"minecraft:dandelion":2,"minecraft:crafting_table":1,"minecraft:torch":1,"minecraft:short_grass":27,"minecraft:grass_block":3,"minecraft:chest":2,"minecraft:tall_grass":4,"minecraft:deepslate_gold_ore":4,"minecraft:wall_torch":3,"minecraft:redstone_ore":1,"minecraft:iron_ore":13,"minecraft:cobbled_deepslate":3,"minecraft:deepslate_lapis_ore":14,"minecraft:oak_log":35,"minecraft:coal_ore":18,"minecraft:deepslate_iron_ore":20,"minecraft:sand":2,"minecraft:dirt":4,"minecraft:stone":44,"minecraft:oak_leaves":5,"minecraft:deepslate":43}},"DataVersion":4082}