{"stats":{"minecraft:picked_up":{"minecraft:charcoal":4,"minecraft:crafting_table":1,"minecraft:ladder":2,"minecraft:chicken":5,"minecraft:clay_ball":116,"minecraft:shield":1,"minecraft:amethyst_block":457,"minecraft:string":8,"minecraft:iron_axe":3,"minecraft:raw_copper":8,"minecraft:iron_leggings":1,"minecraft:cobbled_deepslate":241,"minecraft:bucket":2,"minecraft:beef":9,"minecraft:oak_boat":1,"minecraft:calcite":167,"minecraft:sugar_cane":144,"minecraft:chest":3,"minecraft:egg":4,"minecraft:stick":14,"minecraft:raw_iron":167,"minecraft:torch":82,"minecraft:spruce_stairs":1,"minecraft:porkchop":10,"minecraft:diorite":41,"minecraft:redstone":128,"minecraft:arrow":9,"minecraft:rotten_flesh":19,"minecraft:obsidian":13,"minecraft:mutton":13,"minecraft:white_wool":8,"minecraft:cobblestone":206,"minecraft:feather":5,"minecraft:andesite":2,"minecraft:leather":6,"minecraft:filled_map":1,"minecraft:tuff":36,"minecraft:oak_log":160,"minecraft:yellow_bed":1,"minecraft:lapis_lazuli":199,"minecraft:dirt":16,"minecraft:cooked_mutton":4,"minecraft:bone":13,"minecraft:apple":2,"minecraft:kelp":25,"minecraft:wheat_seeds":7,"minecraft:raw_gold":37,"minecraft:stone_pickaxe":1,"minecraft:iron_ingot":1,"minecraft:iron_sword":2,"minecraft:oak_planks":81,"minecraft:smooth_basalt":17,"minecraft:pumpkin":24,"minecraft:dandelion":1,"minecraft:gravel":1,"minecraft:lava_bucket":6,"minecraft:sand":6,"minecraft:amethyst_shard":70,"minecraft:white_bed":2,"minecraft:spider_eye":1,"minecraft:diamond":35,"minecraft:granite":1,"minecraft:oak_sapling":11,"minecraft:coal":72},"minecraft:mined":{"minecraft:large_amethyst_bud":2,"minecraft:diamond_ore":6,"minecraft:tuff":24,"minecraft:spruce_planks":1,"minecraft:oak_sapling":1,"minecraft:deepslate_diamond_ore":29,"minecraft:obsidian":15,"minecraft:budding_amethyst":2,"minecraft:grass_block":8,"minecraft:kelp":3,"minecraft:redstone_ore":1,"minecraft:iron_ore":71,"minecraft:cobbled_deepslate":5,"minecraft:andesite":2,"minecraft:pumpkin":10,"minecraft:deepslate_lapis_ore":20,"minecraft:deepslate_iron_ore":43,"minecraft:stone":146,"minecraft:deepslate_redstone_ore":19,"minecraft:kelp_plant":6,"minecraft:amethyst_cluster":14,"minecraft:dandelion":2,"minecraft:clay":10,"minecraft:crafting_table":1,"minecraft:torch":3,"minecraft:short_grass":86,"minecraft:calcite":116,"minecraft:chest":3,"minecraft:tall_grass":7,"minecraft:cobblestone":7,"minecraft:lapis_ore":4,"minecraft:deepslate_gold_ore":27,"minecraft:sugar_cane":55,"minecraft:diorite":32,"minecraft:wall_torch":4,"minecraft:amethyst_block":232,"minecraft:spruce_stairs":1,"minecraft:yellow_bed":1,"minecraft:oak_log":90,"minecraft:coal_ore":32,"minecraft:gravel":1,"minecraft:sand":5,"minecraft:dirt":8,"minecraft:smooth_basalt":17,"minecraft:gold_ore":5,"minecraft:oak_leaves":45,"minecraft:deepslate":179},"minecraft:dropped":{"minecraft:iron_ingot":1,"minecraft:iron_sword":2,"minecraft:wheat_seeds":2,"minecraft:iron_helmet":1,"minecraft:stick":64,"minecraft:lava_bucket":1,"minecraft:diorite":9,"minecraft:torch":186,"minecraft:iron_axe":4,"minecraft:iron_pickaxe":1,"minecraft:bucket":8,"minecraft:gravel":1,"minecraft:stone_axe":1,"minecraft:cooked_chicken":2,"minecraft:rotten_flesh":1,"minecraft:oak_planks":104,"minecraft:iron_boots":1,"minecraft:cooked_mutton":13,"minecraft:white_bed":2,"minecraft:iron_chestplate":1,"minecraft:diamond_pickaxe":1,"minecraft:charcoal":4,"minecraft:ladder":2,"minecraft:stone_pickaxe":3,"minecraft:calcite":64},"minecraft:killed":{"minecraft:spider":4,"minecraft:skeleton":5,"minecraft:chicken":5,"minecraft:pig":7,"minecraft:creeper":1,"minecraft:sheep":8,"minecraft:pillager":1,"minecraft:zombie":7,"minecraft:cow":4},"minecraft:used":{"minecraft:stone_sword":145,"minecraft:iron_shovel":4,"minecraft:chest":7,"minecraft:shield":40,"minecraft:iron_sword":17,"minecraft:cooked_chicken":2,"minecraft:rotten_flesh":3,"minecraft:torch":233,"minecraft:dirt":8,"minecraft:tuff":1,"minecraft:granite":1,"minecraft:lava_bucket":3,"minecraft:iron_axe":349,"minecraft:oak_sapling":10,"minecraft:furnace":3,"minecraft:cooked_beef":9,"minecraft:cobbled_deepslate":77,"minecraft:cooked_mutton":11,"minecraft:stone_pickaxe":56,"minecraft:wooden_pickaxe":25,"minecraft:crafting_table":3,"minecraft:white_bed":1,"minecraft:diamond_pickaxe":869,"minecraft:apple":1,"minecraft:bread":1,"minecraft:iron_pickaxe":109,"minecraft:cobblestone":70,"minecraft:cooked_porkchop":5,"minecraft:bucket":3,"minecraft:dandelion":1},"minecraft:custom":{"minecraft:mob_kills":43,"minecraft:interact_with_crafting_table":56,"minecraft:leave_game":21,"minecraft:time_since_death":59160,"minecraft:climb_one_cm":252,"minecraft:sprint_one_cm":215001,"minecraft:walk_one_cm":937974,"minecraft:damage_blocked_by_shield":755,"minecraft:drop":161,"minecraft:play_time":453778,"minecraft:deaths":4,"minecraft:sneak_time":6731,"minecraft:walk_under_water_one_cm":33828,"minecraft:boat_one_cm":42487,"minecraft:jump":3002,"minecraft:walk_on_water_one_cm":25927,"minecraft:total_world_time":453778,"minecraft:interact_with_furnace":126,"minecraft:sleep_in_bed":17,"minecraft:time_since_rest":21275,"minecraft:damage_taken":2528,"minecraft:damage_dealt":6219,"minecraft:player_kills":1,"minecraft:swim_one_cm":17662,"minecraft:fly_one_cm":387163,"minecraft:open_chest":143,"minecraft:crouch_one_cm":3712,"minecraft:fall_one_cm":40857,"minecraft:horse_one_cm":228841},"minecraft:crafted":{"minecraft:oak_planks":168,"minecraft:cooked_chicken":6,"minecraft:furnace":3,"minecraft:cooked_mutton":20,"minecraft:glass":16,"minecraft:iron_boots":2,"minecraft:iron_axe":6,"minecraft:stone_pickaxe":2,"minecraft:chest":4,"minecraft:cooked_beef":9,"minecraft:cooked_porkchop":10,"minecraft:crafting_table":2,"minecraft:wooden_pickaxe":1,"minecraft:iron_helmet":2,"minecraft:iron_sword":1,"minecraft:bucket":4,"minecraft:stone_axe":1,"minecraft:air":0,"minecraft:iron_chestplate":2,"minecraft:diamond_pickaxe":2,"minecraft:charcoal":121,"minecraft:stick":262,"minecraft:iron_ingot":248,"minecraft:iron_pickaxe":2,"minecraft:stone_sword":1,"minecraft:iron_shovel":1,"minecraft:gold_ingot":50,"minecraft:white_bed":1,"minecraft:torch":528}},"DataVersion":4082}