{"stats":{"minecraft:custom":{"minecraft:mob_kills":32,"minecraft:interact_with_crafting_table":49,"minecraft:leave_game":13,"minecraft:time_since_death":139756,"minecraft:climb_one_cm":252,"minecraft:sprint_one_cm":174665,"minecraft:walk_one_cm":751954,"minecraft:damage_blocked_by_shield":30,"minecraft:drop":78,"minecraft:play_time":310491,"minecraft:deaths":2,"minecraft:sneak_time":4943,"minecraft:walk_under_water_one_cm":19573,"minecraft:jump":2383,"minecraft:walk_on_water_one_cm":8184,"minecraft:total_world_time":310491,"minecraft:interact_with_furnace":95,"minecraft:sleep_in_bed":12,"minecraft:time_since_rest":54957,"minecraft:damage_taken":1631,"minecraft:damage_dealt":3555,"minecraft:swim_one_cm":1278,"minecraft:fly_one_cm":339024,"minecraft:player_kills":1,"minecraft:open_chest":79,"minecraft:crouch_one_cm":2142,"minecraft:fall_one_cm":34057},"minecraft:picked_up":{"minecraft:charcoal":4,"minecraft:crafting_table":1,"minecraft:chicken":4,"minecraft:ladder":2,"minecraft:clay_ball":116,"minecraft:shield":1,"minecraft:amethyst_block":345,"minecraft:string":2,"minecraft:iron_axe":3,"minecraft:raw_copper":8,"minecraft:iron_leggings":1,"minecraft:cobbled_deepslate":112,"minecraft:beef":9,"minecraft:oak_boat":1,"minecraft:calcite":114,"minecraft:chest":3,"minecraft:egg":4,"minecraft:stick":14,"minecraft:raw_iron":152,"minecraft:torch":82,"minecraft:porkchop":10,"minecraft:diorite":32,"minecraft:redstone":82,"minecraft:arrow":5,"minecraft:rotten_flesh":11,"minecraft:mutton":13,"minecraft:white_wool":8,"minecraft:cobblestone":196,"minecraft:feather":4,"minecraft:andesite":2,"minecraft:leather":6,"minecraft:filled_map":1,"minecraft:tuff":11,"minecraft:oak_log":160,"minecraft:lapis_lazuli":167,"minecraft:dirt":12,"minecraft:cooked_mutton":4,"minecraft:bone":7,"minecraft:apple":2,"minecraft:wheat_seeds":4,"minecraft:raw_gold":24,"minecraft:stone_pickaxe":1,"minecraft:iron_ingot":1,"minecraft:oak_planks":81,"minecraft:iron_sword":2,"minecraft:smooth_basalt":10,"minecraft:pumpkin":24,"minecraft:dandelion":1,"minecraft:lava_bucket":2,"minecraft:sand":4,"minecraft:amethyst_shard":58,"minecraft:white_bed":2,"minecraft:diamond":27,"minecraft:granite":1,"minecraft:oak_sapling":11,"minecraft:coal":60},"minecraft:dropped":{"minecraft:iron_ingot":1,"minecraft:iron_sword":2,"minecraft:wheat_seeds":1,"minecraft:iron_helmet":1,"minecraft:stick":64,"minecraft:torch":119,"minecraft:iron_axe":4,"minecraft:iron_pickaxe":1,"minecraft:bucket":1,"minecraft:stone_axe":1,"minecraft:oak_planks":104,"minecraft:iron_boots":1,"minecraft:cooked_mutton":11,"minecraft:white_bed":2,"minecraft:iron_chestplate":1,"minecraft:diamond_pickaxe":1,"minecraft:charcoal":4,"minecraft:ladder":2,"minecraft:stone_pickaxe":3},"minecraft:crafted":{"minecraft:oak_planks":168,"minecraft:cooked_chicken":3,"minecraft:furnace":3,"minecraft:cooked_mutton":20,"minecraft:glass":16,"minecraft:iron_boots":2,"minecraft:iron_axe":3,"minecraft:stone_pickaxe":2,"minecraft:chest":4,"minecraft:cooked_beef":9,"minecraft:cooked_porkchop":10,"minecraft:crafting_table":2,"minecraft:wooden_pickaxe":1,"minecraft:iron_helmet":2,"minecraft:iron_sword":1,"minecraft:bucket":1,"minecraft:stone_axe":1,"minecraft:air":0,"minecraft:iron_chestplate":2,"minecraft:diamond_pickaxe":2,"minecraft:charcoal":121,"minecraft:stick":262,"minecraft:iron_pickaxe":2,"minecraft:iron_ingot":153,"minecraft:stone_sword":1,"minecraft:gold_ingot":29,"minecraft:white_bed":1,"minecraft:torch":528},"minecraft:mined":{"minecraft:large_amethyst_bud":2,"minecraft:diamond_ore":6,"minecraft:tuff":12,"minecraft:oak_sapling":1,"minecraft:deepslate_diamond_ore":21,"minecraft:budding_amethyst":2,"minecraft:grass_block":6,"minecraft:redstone_ore":1,"minecraft:iron_ore":71,"minecraft:cobbled_deepslate":4,"minecraft:andesite":2,"minecraft:pumpkin":10,"minecraft:deepslate_lapis_ore":20,"minecraft:deepslate_iron_ore":39,"minecraft:stone":146,"minecraft:deepslate_redstone_ore":19,"minecraft:amethyst_cluster":14,"minecraft:dandelion":2,"minecraft:clay":10,"minecraft:crafting_table":1,"minecraft:torch":2,"minecraft:short_grass":38,"minecraft:calcite":114,"minecraft:chest":3,"minecraft:tall_grass":6,"minecraft:cobblestone":6,"minecraft:lapis_ore":4,"minecraft:deepslate_gold_ore":19,"minecraft:diorite":32,"minecraft:wall_torch":4,"minecraft:amethyst_block":230,"minecraft:oak_log":90,"minecraft:coal_ore":32,"minecraft:sand":2,"minecraft:dirt":8,"minecraft:smooth_basalt":10,"minecraft:gold_ore":5,"minecraft:oak_leaves":45,"minecraft:deepslate":116},"minecraft:used":{"minecraft:stone_sword":145,"minecraft:chest":7,"minecraft:shield":3,"minecraft:iron_sword":5,"minecraft:torch":173,"minecraft:dirt":7,"minecraft:tuff":1,"minecraft:granite":1,"minecraft:lava_bucket":2,"minecraft:iron_axe":194,"minecraft:furnace":3,"minecraft:oak_sapling":10,"minecraft:cooked_beef":5,"minecraft:cobbled_deepslate":72,"minecraft:cooked_mutton":9,"minecraft:stone_pickaxe":56,"minecraft:wooden_pickaxe":25,"minecraft:crafting_table":3,"minecraft:white_bed":1,"minecraft:diamond_pickaxe":739,"minecraft:apple":1,"minecraft:iron_pickaxe":109,"minecraft:cobblestone":70,"minecraft:cooked_porkchop":5,"minecraft:bucket":3,"minecraft:dandelion":1},"minecraft:killed":{"minecraft:spider":1,"minecraft:skeleton":3,"minecraft:chicken":4,"minecraft:pig":7,"minecraft:sheep":8,"minecraft:zombie":4,"minecraft:cow":4}},"DataVersion":4082}