{
  "minecraft:recipes/decorations/crafting_table": {
    "criteria": {
      "unlock_right_away": "2024-12-12 01:38:13 +0000"
    },
    "done": true
  },
  "minecraft:adventure/adventuring_time": {
    "criteria": {
      "minecraft:ocean": "2024-12-12 01:44:40 +0000",
      "minecraft:plains": "2024-12-12 01:38:14 +0000"
    },
    "done": false
  },
  "minecraft:adventure/root": {
    "criteria": {
      "killed_by_something": "2024-12-12 01:45:27 +0000"
    },
    "done": true
  },
  "DataVersion": 4082
}