{
  "minecraft:recipes/decorations/crafting_table": {
    "criteria": {
      "unlock_right_away": "2024-11-23 02:44:55 +0000"
    },
    "done": true
  },
  "minecraft:adventure/adventuring_time": {
    "criteria": {
      "minecraft:ocean": "2024-11-23 02:44:55 +0000",
      "minecraft:swamp": "2024-11-23 02:51:15 +0000",
      "minecraft:plains": "2024-11-23 02:45:06 +0000"
    },
    "done": false
  },
  "minecraft:story/lava_bucket": {
    "criteria": {
      "lava_bucket": "2024-11-23 02:44:59 +0000"
    },
    "done": true
  },
  "DataVersion": 4082
}